
/home/tzh/tapeout-Voyager/fpga/src/main/resources/vcu118/sdboot//build/sdboot.elf:     file format elf64-littleriscv


Disassembly of section .text:

0000000000010000 <_prog_start>:

  .section .text.init
  .option norvc
  .globl _prog_start
_prog_start:
  smp_pause(s1, s2)
   10000:	00800913          	li	s2,8
   10004:	30491073          	csrw	mie,s2
   10008:	00000493          	li	s1,0
   1000c:	f1402973          	csrr	s2,mhartid
   10010:	05249863          	bne	s1,s2,10060 <continue_boot+0x1c>
  li sp, (PAYLOAD_DEST + 0xffff000)
   10014:	00090137          	lui	sp,0x90
   10018:	fff1011b          	addiw	sp,sp,-1 # 8ffff <dtb+0x7f4ff>
   1001c:	00c11113          	slli	sp,sp,0xc
    
  // Check boot address register at 0x1000
  li t0, 0x1000           // Load address 0x1000
   10020:	000012b7          	lui	t0,0x1
  ld t1, 0(t0)            // Load 64-bit value from 0x1000
   10024:	0002b303          	ld	t1,0(t0) # 1000 <_prog_start-0xf000>
  li t2, 0x80010000       // Load expected custom boot address
   10028:	000083b7          	lui	t2,0x8
   1002c:	0013839b          	addiw	t2,t2,1 # 8001 <_prog_start-0x7fff>
   10030:	01039393          	slli	t2,t2,0x10
  bne t1, t2, skip_sd_load // If value != 0x80010000, skip SD loading
   10034:	00731663          	bne	t1,t2,10040 <skip_sd_load>

  // Normal SD card loading path
  call main
   10038:	1b4000ef          	jal	101ec <main>
  j continue_boot
   1003c:	0080006f          	j	10044 <continue_boot>

0000000000010040 <skip_sd_load>:
  
skip_sd_load:
  // Skip SD card loading, payload should already be at PAYLOAD_DEST
  // For bare metal: ensure clean state for custom boot
  nop
   10040:	00000013          	nop

0000000000010044 <continue_boot>:
continue_boot:
  smp_resume(s1, s2)
   10044:	020004b7          	lui	s1,0x2000
   10048:	00100913          	li	s2,1
   1004c:	0124a023          	sw	s2,0(s1) # 2000000 <dtb+0x1fef500>
   10050:	00448493          	addi	s1,s1,4
   10054:	02000937          	lui	s2,0x2000
   10058:	0809091b          	addiw	s2,s2,128 # 2000080 <dtb+0x1fef580>
   1005c:	ff24c6e3          	blt	s1,s2,10048 <continue_boot+0x4>
   10060:	10500073          	wfi
   10064:	34402973          	csrr	s2,mip
   10068:	00897913          	andi	s2,s2,8
   1006c:	fe090ae3          	beqz	s2,10060 <continue_boot+0x1c>
   10070:	020004b7          	lui	s1,0x2000
   10074:	f1402973          	csrr	s2,mhartid
   10078:	00291913          	slli	s2,s2,0x2
   1007c:	00990933          	add	s2,s2,s1
   10080:	00092023          	sw	zero,0(s2)
   10084:	0004a903          	lw	s2,0(s1) # 2000000 <dtb+0x1fef500>
   10088:	fe091ee3          	bnez	s2,10084 <continue_boot+0x40>
   1008c:	00448493          	addi	s1,s1,4
   10090:	02000937          	lui	s2,0x2000
   10094:	0809091b          	addiw	s2,s2,128 # 2000080 <dtb+0x1fef580>
   10098:	ff24c6e3          	blt	s1,s2,10084 <continue_boot+0x40>
  csrr a0, mhartid // hartid for next level bootloader
   1009c:	f1402573          	csrr	a0,mhartid
  la a1, dtb // dtb address for next level bootloader
   100a0:	00001597          	auipc	a1,0x1
   100a4:	a6058593          	addi	a1,a1,-1440 # 10b00 <dtb>
  li s1, PAYLOAD_DEST
   100a8:	0010049b          	addiw	s1,zero,1
   100ac:	01f49493          	slli	s1,s1,0x1f
  jr s1
   100b0:	00048067          	jr	s1

00000000000100b4 <sd_cmd>:
{
	return spi_xfer(0xFF);
}

static uint8_t sd_cmd(uint8_t cmd, uint32_t arg, uint8_t crc)
{
   100b4:	ff010113          	addi	sp,sp,-16
   100b8:	00113423          	sd	ra,8(sp)
   100bc:	00813023          	sd	s0,0(sp)
	unsigned long n;
	uint8_t r;

	REG32(spi, SPI_REG_CSMODE) = SPI_CSMODE_HOLD;
   100c0:	64001737          	lui	a4,0x64001
   100c4:	00200693          	li	a3,2
   100c8:	00d72c23          	sw	a3,24(a4) # 64001018 <dtb+0x63ff0518>
	REG32(spi, SPI_REG_TXFIFO) = d;
   100cc:	640017b7          	lui	a5,0x64001
		r = REG32(spi, SPI_REG_RXFIFO);
   100d0:	64001737          	lui	a4,0x64001
	REG32(spi, SPI_REG_TXFIFO) = d;
   100d4:	0ff00693          	li	a3,255
   100d8:	04d7a423          	sw	a3,72(a5) # 64001048 <dtb+0x63ff0548>
		r = REG32(spi, SPI_REG_RXFIFO);
   100dc:	04c70713          	addi	a4,a4,76 # 6400104c <dtb+0x63ff054c>
   100e0:	00072783          	lw	a5,0(a4)
	} while (r < 0);
   100e4:	fe07cee3          	bltz	a5,100e0 <sd_cmd+0x2c>
	REG32(spi, SPI_REG_TXFIFO) = d;
   100e8:	640017b7          	lui	a5,0x64001
   100ec:	0005051b          	sext.w	a0,a0
		r = REG32(spi, SPI_REG_RXFIFO);
   100f0:	64001737          	lui	a4,0x64001
   100f4:	04c70713          	addi	a4,a4,76 # 6400104c <dtb+0x63ff054c>
	REG32(spi, SPI_REG_TXFIFO) = d;
   100f8:	04a7a423          	sw	a0,72(a5) # 64001048 <dtb+0x63ff0548>
		r = REG32(spi, SPI_REG_RXFIFO);
   100fc:	00072783          	lw	a5,0(a4)
	} while (r < 0);
   10100:	fe07cee3          	bltz	a5,100fc <sd_cmd+0x48>
	REG32(spi, SPI_REG_TXFIFO) = d;
   10104:	640017b7          	lui	a5,0x64001
	sd_dummy();
	spi_xfer(cmd);
	spi_xfer(arg >> 24);
   10108:	0185d69b          	srliw	a3,a1,0x18
		r = REG32(spi, SPI_REG_RXFIFO);
   1010c:	64001737          	lui	a4,0x64001
   10110:	04c70713          	addi	a4,a4,76 # 6400104c <dtb+0x63ff054c>
	REG32(spi, SPI_REG_TXFIFO) = d;
   10114:	04d7a423          	sw	a3,72(a5) # 64001048 <dtb+0x63ff0548>
		r = REG32(spi, SPI_REG_RXFIFO);
   10118:	00072783          	lw	a5,0(a4)
	} while (r < 0);
   1011c:	fe07cee3          	bltz	a5,10118 <sd_cmd+0x64>
	REG32(spi, SPI_REG_TXFIFO) = d;
   10120:	640017b7          	lui	a5,0x64001
		r = REG32(spi, SPI_REG_RXFIFO);
   10124:	64001737          	lui	a4,0x64001
   10128:	04c70713          	addi	a4,a4,76 # 6400104c <dtb+0x63ff054c>
	REG32(spi, SPI_REG_TXFIFO) = d;
   1012c:	0407a423          	sw	zero,72(a5) # 64001048 <dtb+0x63ff0548>
		r = REG32(spi, SPI_REG_RXFIFO);
   10130:	00072783          	lw	a5,0(a4)
	} while (r < 0);
   10134:	fe07cee3          	bltz	a5,10130 <sd_cmd+0x7c>
	spi_xfer(arg >> 16);
	spi_xfer(arg >> 8);
   10138:	0085d69b          	srliw	a3,a1,0x8
	REG32(spi, SPI_REG_TXFIFO) = d;
   1013c:	640017b7          	lui	a5,0x64001
   10140:	0ff6f693          	zext.b	a3,a3
		r = REG32(spi, SPI_REG_RXFIFO);
   10144:	64001737          	lui	a4,0x64001
   10148:	04c70713          	addi	a4,a4,76 # 6400104c <dtb+0x63ff054c>
	REG32(spi, SPI_REG_TXFIFO) = d;
   1014c:	04d7a423          	sw	a3,72(a5) # 64001048 <dtb+0x63ff0548>
		r = REG32(spi, SPI_REG_RXFIFO);
   10150:	00072783          	lw	a5,0(a4)
	} while (r < 0);
   10154:	fe07cee3          	bltz	a5,10150 <sd_cmd+0x9c>
	REG32(spi, SPI_REG_TXFIFO) = d;
   10158:	640017b7          	lui	a5,0x64001
   1015c:	0ff5f593          	zext.b	a1,a1
		r = REG32(spi, SPI_REG_RXFIFO);
   10160:	64001737          	lui	a4,0x64001
   10164:	04c70713          	addi	a4,a4,76 # 6400104c <dtb+0x63ff054c>
	REG32(spi, SPI_REG_TXFIFO) = d;
   10168:	04b7a423          	sw	a1,72(a5) # 64001048 <dtb+0x63ff0548>
		r = REG32(spi, SPI_REG_RXFIFO);
   1016c:	00072783          	lw	a5,0(a4)
	} while (r < 0);
   10170:	fe07cee3          	bltz	a5,1016c <sd_cmd+0xb8>
	REG32(spi, SPI_REG_TXFIFO) = d;
   10174:	640017b7          	lui	a5,0x64001
   10178:	0006069b          	sext.w	a3,a2
		r = REG32(spi, SPI_REG_RXFIFO);
   1017c:	64001737          	lui	a4,0x64001
   10180:	04c70713          	addi	a4,a4,76 # 6400104c <dtb+0x63ff054c>
	REG32(spi, SPI_REG_TXFIFO) = d;
   10184:	04d7a423          	sw	a3,72(a5) # 64001048 <dtb+0x63ff0548>
		r = REG32(spi, SPI_REG_RXFIFO);
   10188:	00072783          	lw	a5,0(a4)
	} while (r < 0);
   1018c:	fe07cee3          	bltz	a5,10188 <sd_cmd+0xd4>
	REG32(spi, SPI_REG_TXFIFO) = d;
   10190:	64001637          	lui	a2,0x64001
		r = REG32(spi, SPI_REG_RXFIFO);
   10194:	64001737          	lui	a4,0x64001
   10198:	3e800693          	li	a3,1000
	REG32(spi, SPI_REG_TXFIFO) = d;
   1019c:	04860613          	addi	a2,a2,72 # 64001048 <dtb+0x63ff0548>
   101a0:	0ff00593          	li	a1,255
		r = REG32(spi, SPI_REG_RXFIFO);
   101a4:	04c70713          	addi	a4,a4,76 # 6400104c <dtb+0x63ff054c>
	REG32(spi, SPI_REG_TXFIFO) = d;
   101a8:	00b62023          	sw	a1,0(a2)
		r = REG32(spi, SPI_REG_RXFIFO);
   101ac:	00072783          	lw	a5,0(a4)
   101b0:	0007841b          	sext.w	s0,a5
	} while (r < 0);
   101b4:	fe07cce3          	bltz	a5,101ac <sd_cmd+0xf8>
	spi_xfer(crc);

	n = 1000;
	do {
		r = sd_dummy();
		if (!(r & 0x80)) {
   101b8:	0184179b          	slliw	a5,s0,0x18
   101bc:	4187d79b          	sraiw	a5,a5,0x18
   101c0:	0007dc63          	bgez	a5,101d8 <sd_cmd+0x124>
//			dprintf("sd:cmd: %hx\r\n", r);
			goto done;
		}
	} while (--n > 0);
   101c4:	fff68693          	addi	a3,a3,-1
   101c8:	fe0690e3          	bnez	a3,101a8 <sd_cmd+0xf4>
	kputs("sd_cmd: timeout");
   101cc:	00001517          	auipc	a0,0x1
   101d0:	83450513          	addi	a0,a0,-1996 # 10a00 <spinner+0x8>
   101d4:	604000ef          	jal	107d8 <kputs>
done:
	return r;
}
   101d8:	00813083          	ld	ra,8(sp)
   101dc:	0ff47513          	zext.b	a0,s0
   101e0:	00013403          	ld	s0,0(sp)
   101e4:	01010113          	addi	sp,sp,16
   101e8:	00008067          	ret

00000000000101ec <main>:
	kputs("\b ");
	return rc;
}

int main(void)
{
   101ec:	fd010113          	addi	sp,sp,-48
	REG32(uart, UART_REG_TXCTRL) = UART_TXEN;
   101f0:	640007b7          	lui	a5,0x64000
   101f4:	00100713          	li	a4,1
{
   101f8:	02113423          	sd	ra,40(sp)
   101fc:	02813023          	sd	s0,32(sp)
	REG32(uart, UART_REG_TXCTRL) = UART_TXEN;
   10200:	00e7a423          	sw	a4,8(a5) # 64000008 <dtb+0x63fef508>

	kputs("INIT");
   10204:	00001517          	auipc	a0,0x1
   10208:	80c50513          	addi	a0,a0,-2036 # 10a10 <spinner+0x18>
   1020c:	5cc000ef          	jal	107d8 <kputs>
	REG32(spi, SPI_REG_SCKDIV) = SPI_DIV;
   10210:	00005737          	lui	a4,0x5
   10214:	e1f70713          	addi	a4,a4,-481 # 4e1f <_prog_start-0xb1e1>
   10218:	640016b7          	lui	a3,0x64001
   1021c:	00e6a023          	sw	a4,0(a3) # 64001000 <dtb+0x63ff0500>
	REG32(spi, SPI_REG_CSMODE) = SPI_CSMODE_OFF;
   10220:	640017b7          	lui	a5,0x64001
   10224:	00300693          	li	a3,3
	REG32(spi, SPI_REG_TXFIFO) = d;
   10228:	64001637          	lui	a2,0x64001
		r = REG32(spi, SPI_REG_RXFIFO);
   1022c:	64001737          	lui	a4,0x64001
	REG32(spi, SPI_REG_CSMODE) = SPI_CSMODE_OFF;
   10230:	00d7ac23          	sw	a3,24(a5) # 64001018 <dtb+0x63ff0518>
	REG32(spi, SPI_REG_TXFIFO) = d;
   10234:	04860613          	addi	a2,a2,72 # 64001048 <dtb+0x63ff0548>
	REG32(spi, SPI_REG_CSMODE) = SPI_CSMODE_OFF;
   10238:	00a00693          	li	a3,10
	REG32(spi, SPI_REG_TXFIFO) = d;
   1023c:	0ff00593          	li	a1,255
		r = REG32(spi, SPI_REG_RXFIFO);
   10240:	04c70713          	addi	a4,a4,76 # 6400104c <dtb+0x63ff054c>
	REG32(spi, SPI_REG_TXFIFO) = d;
   10244:	00b62023          	sw	a1,0(a2)
		r = REG32(spi, SPI_REG_RXFIFO);
   10248:	00072783          	lw	a5,0(a4)
	} while (r < 0);
   1024c:	fe07cee3          	bltz	a5,10248 <main+0x5c>
	for (i = 10; i > 0; i--) {
   10250:	fff68693          	addi	a3,a3,-1
   10254:	fe0698e3          	bnez	a3,10244 <main+0x58>
	REG32(spi, SPI_REG_CSMODE) = SPI_CSMODE_AUTO;
   10258:	640017b7          	lui	a5,0x64001
   1025c:	0007ac23          	sw	zero,24(a5) # 64001018 <dtb+0x63ff0518>
	dputs("CMD0");
   10260:	00000517          	auipc	a0,0x0
   10264:	7b850513          	addi	a0,a0,1976 # 10a18 <spinner+0x20>
   10268:	570000ef          	jal	107d8 <kputs>
	rc = (sd_cmd(0x40, 0, 0x95) != 0x01);
   1026c:	09500613          	li	a2,149
   10270:	00000593          	li	a1,0
   10274:	04000513          	li	a0,64
   10278:	e3dff0ef          	jal	100b4 <sd_cmd>
	REG32(spi, SPI_REG_TXFIFO) = d;
   1027c:	640017b7          	lui	a5,0x64001
		r = REG32(spi, SPI_REG_RXFIFO);
   10280:	64001737          	lui	a4,0x64001
	REG32(spi, SPI_REG_TXFIFO) = d;
   10284:	0ff00693          	li	a3,255
   10288:	04d7a423          	sw	a3,72(a5) # 64001048 <dtb+0x63ff0548>
		r = REG32(spi, SPI_REG_RXFIFO);
   1028c:	04c70713          	addi	a4,a4,76 # 6400104c <dtb+0x63ff054c>
   10290:	00072783          	lw	a5,0(a4)
	} while (r < 0);
   10294:	fe07cee3          	bltz	a5,10290 <main+0xa4>
	REG32(spi, SPI_REG_CSMODE) = SPI_CSMODE_AUTO;
   10298:	640017b7          	lui	a5,0x64001
	sd_poweron();
	if (sd_cmd0() ||
   1029c:	00100713          	li	a4,1
	REG32(spi, SPI_REG_CSMODE) = SPI_CSMODE_AUTO;
   102a0:	0007ac23          	sw	zero,24(a5) # 64001018 <dtb+0x63ff0518>
	if (sd_cmd0() ||
   102a4:	0ee51e63          	bne	a0,a4,103a0 <main+0x1b4>
	dputs("CMD8");
   102a8:	00000517          	auipc	a0,0x0
   102ac:	77850513          	addi	a0,a0,1912 # 10a20 <spinner+0x28>
   102b0:	00913c23          	sd	s1,24(sp)
   102b4:	524000ef          	jal	107d8 <kputs>
	rc = (sd_cmd(0x48, 0x000001AA, 0x87) != 0x01);
   102b8:	1aa00593          	li	a1,426
   102bc:	08700613          	li	a2,135
   102c0:	04800513          	li	a0,72
   102c4:	df1ff0ef          	jal	100b4 <sd_cmd>
   102c8:	0005069b          	sext.w	a3,a0
   102cc:	fff68693          	addi	a3,a3,-1
	REG32(spi, SPI_REG_TXFIFO) = d;
   102d0:	640017b7          	lui	a5,0x64001
		r = REG32(spi, SPI_REG_RXFIFO);
   102d4:	64001737          	lui	a4,0x64001
	rc = (sd_cmd(0x48, 0x000001AA, 0x87) != 0x01);
   102d8:	00d035b3          	snez	a1,a3
	REG32(spi, SPI_REG_TXFIFO) = d;
   102dc:	0ff00693          	li	a3,255
   102e0:	04d7a423          	sw	a3,72(a5) # 64001048 <dtb+0x63ff0548>
		r = REG32(spi, SPI_REG_RXFIFO);
   102e4:	04c70713          	addi	a4,a4,76 # 6400104c <dtb+0x63ff054c>
   102e8:	00072783          	lw	a5,0(a4)
	} while (r < 0);
   102ec:	fe07cee3          	bltz	a5,102e8 <main+0xfc>
	REG32(spi, SPI_REG_TXFIFO) = d;
   102f0:	640017b7          	lui	a5,0x64001
		r = REG32(spi, SPI_REG_RXFIFO);
   102f4:	64001737          	lui	a4,0x64001
	REG32(spi, SPI_REG_TXFIFO) = d;
   102f8:	0ff00693          	li	a3,255
   102fc:	04d7a423          	sw	a3,72(a5) # 64001048 <dtb+0x63ff0548>
		r = REG32(spi, SPI_REG_RXFIFO);
   10300:	04c70713          	addi	a4,a4,76 # 6400104c <dtb+0x63ff054c>
   10304:	00072783          	lw	a5,0(a4)
	} while (r < 0);
   10308:	fe07cee3          	bltz	a5,10304 <main+0x118>
	REG32(spi, SPI_REG_TXFIFO) = d;
   1030c:	640017b7          	lui	a5,0x64001
		r = REG32(spi, SPI_REG_RXFIFO);
   10310:	640016b7          	lui	a3,0x64001
	REG32(spi, SPI_REG_TXFIFO) = d;
   10314:	0ff00713          	li	a4,255
   10318:	04e7a423          	sw	a4,72(a5) # 64001048 <dtb+0x63ff0548>
		r = REG32(spi, SPI_REG_RXFIFO);
   1031c:	04c68693          	addi	a3,a3,76 # 6400104c <dtb+0x63ff054c>
   10320:	0006a783          	lw	a5,0(a3)
   10324:	0007871b          	sext.w	a4,a5
	} while (r < 0);
   10328:	fe07cce3          	bltz	a5,10320 <main+0x134>
	rc |= ((sd_dummy() & 0xF) != 0x1); /* voltage */
   1032c:	00f77713          	andi	a4,a4,15
   10330:	fff70793          	addi	a5,a4,-1
	REG32(spi, SPI_REG_TXFIFO) = d;
   10334:	640016b7          	lui	a3,0x64001
		r = REG32(spi, SPI_REG_RXFIFO);
   10338:	64001637          	lui	a2,0x64001
	rc |= ((sd_dummy() & 0xF) != 0x1); /* voltage */
   1033c:	00f03733          	snez	a4,a5
	REG32(spi, SPI_REG_TXFIFO) = d;
   10340:	0ff00793          	li	a5,255
   10344:	04f6a423          	sw	a5,72(a3) # 64001048 <dtb+0x63ff0548>
		r = REG32(spi, SPI_REG_RXFIFO);
   10348:	04c60613          	addi	a2,a2,76 # 6400104c <dtb+0x63ff054c>
   1034c:	00062783          	lw	a5,0(a2)
   10350:	0007869b          	sext.w	a3,a5
	} while (r < 0);
   10354:	fe07cce3          	bltz	a5,1034c <main+0x160>
	rc |= (sd_dummy() != 0xAA); /* check pattern */
   10358:	0ff6f793          	zext.b	a5,a3
   1035c:	f5678793          	addi	a5,a5,-170
   10360:	00f037b3          	snez	a5,a5
   10364:	00f767b3          	or	a5,a4,a5
   10368:	00f5e6b3          	or	a3,a1,a5
	REG32(spi, SPI_REG_TXFIFO) = d;
   1036c:	64001637          	lui	a2,0x64001
		r = REG32(spi, SPI_REG_RXFIFO);
   10370:	64001737          	lui	a4,0x64001
	REG32(spi, SPI_REG_TXFIFO) = d;
   10374:	0ff00793          	li	a5,255
   10378:	0ff6f693          	zext.b	a3,a3
   1037c:	04f62423          	sw	a5,72(a2) # 64001048 <dtb+0x63ff0548>
		r = REG32(spi, SPI_REG_RXFIFO);
   10380:	04c70713          	addi	a4,a4,76 # 6400104c <dtb+0x63ff054c>
   10384:	00072783          	lw	a5,0(a4)
	} while (r < 0);
   10388:	fe07cee3          	bltz	a5,10384 <main+0x198>
	REG32(spi, SPI_REG_CSMODE) = SPI_CSMODE_AUTO;
   1038c:	640014b7          	lui	s1,0x64001
   10390:	0004ac23          	sw	zero,24(s1) # 64001018 <dtb+0x63ff0518>
   10394:	01848493          	addi	s1,s1,24
	if (sd_cmd0() ||
   10398:	02068663          	beqz	a3,103c4 <main+0x1d8>
   1039c:	01813483          	ld	s1,24(sp)
	    sd_cmd8() ||
	    sd_acmd41() ||
	    sd_cmd58() ||
	    sd_cmd16() ||
	    copy()) {
		kputs("ERROR");
   103a0:	00000517          	auipc	a0,0x0
   103a4:	6f850513          	addi	a0,a0,1784 # 10a98 <spinner+0xa0>
   103a8:	430000ef          	jal	107d8 <kputs>
		return 1;
   103ac:	00100413          	li	s0,1
	kputs("BOOT");

	__asm__ __volatile__ ("fence.i" : : : "memory");

	return 0;
}
   103b0:	02813083          	ld	ra,40(sp)
   103b4:	00040513          	mv	a0,s0
   103b8:	02013403          	ld	s0,32(sp)
   103bc:	03010113          	addi	sp,sp,48
   103c0:	00008067          	ret
   103c4:	01213823          	sd	s2,16(sp)
	dputs("ACMD41");
   103c8:	00000517          	auipc	a0,0x0
   103cc:	66050513          	addi	a0,a0,1632 # 10a28 <spinner+0x30>
	REG32(spi, SPI_REG_TXFIFO) = d;
   103d0:	64001937          	lui	s2,0x64001
		r = REG32(spi, SPI_REG_RXFIFO);
   103d4:	64001437          	lui	s0,0x64001
   103d8:	01313423          	sd	s3,8(sp)
   103dc:	01413023          	sd	s4,0(sp)
	REG32(spi, SPI_REG_TXFIFO) = d;
   103e0:	04890913          	addi	s2,s2,72 # 64001048 <dtb+0x63ff0548>
	dputs("ACMD41");
   103e4:	3f4000ef          	jal	107d8 <kputs>
	REG32(spi, SPI_REG_TXFIFO) = d;
   103e8:	0ff00a13          	li	s4,255
		r = REG32(spi, SPI_REG_RXFIFO);
   103ec:	04c40413          	addi	s0,s0,76 # 6400104c <dtb+0x63ff054c>
	} while (r == 0x01);
   103f0:	00100993          	li	s3,1
	sd_cmd(0x77, 0, 0x65);
   103f4:	06500613          	li	a2,101
   103f8:	00000593          	li	a1,0
   103fc:	07700513          	li	a0,119
   10400:	cb5ff0ef          	jal	100b4 <sd_cmd>
	REG32(spi, SPI_REG_TXFIFO) = d;
   10404:	01492023          	sw	s4,0(s2)
		r = REG32(spi, SPI_REG_RXFIFO);
   10408:	00042783          	lw	a5,0(s0)
	} while (r < 0);
   1040c:	fe07cee3          	bltz	a5,10408 <main+0x21c>
	REG32(spi, SPI_REG_CSMODE) = SPI_CSMODE_AUTO;
   10410:	0004a023          	sw	zero,0(s1)
		r = sd_cmd(0x69, 0x40000000, 0x77); /* HCS = 1 */
   10414:	07700613          	li	a2,119
   10418:	400005b7          	lui	a1,0x40000
   1041c:	06900513          	li	a0,105
   10420:	c95ff0ef          	jal	100b4 <sd_cmd>
	} while (r == 0x01);
   10424:	fd3508e3          	beq	a0,s3,103f4 <main+0x208>
	    sd_cmd8() ||
   10428:	00050c63          	beqz	a0,10440 <main+0x254>
   1042c:	01813483          	ld	s1,24(sp)
   10430:	01013903          	ld	s2,16(sp)
   10434:	00813983          	ld	s3,8(sp)
   10438:	00013a03          	ld	s4,0(sp)
   1043c:	f65ff06f          	j	103a0 <main+0x1b4>
	dputs("CMD58");
   10440:	00000517          	auipc	a0,0x0
   10444:	5f050513          	addi	a0,a0,1520 # 10a30 <spinner+0x38>
   10448:	390000ef          	jal	107d8 <kputs>
	rc = (sd_cmd(0x7A, 0, 0xFD) != 0x00);
   1044c:	0fd00613          	li	a2,253
   10450:	00000593          	li	a1,0
   10454:	07a00513          	li	a0,122
   10458:	c5dff0ef          	jal	100b4 <sd_cmd>
	REG32(spi, SPI_REG_TXFIFO) = d;
   1045c:	640017b7          	lui	a5,0x64001
		r = REG32(spi, SPI_REG_RXFIFO);
   10460:	640016b7          	lui	a3,0x64001
	REG32(spi, SPI_REG_TXFIFO) = d;
   10464:	0ff00713          	li	a4,255
	rc = (sd_cmd(0x7A, 0, 0xFD) != 0x00);
   10468:	00a03633          	snez	a2,a0
	REG32(spi, SPI_REG_TXFIFO) = d;
   1046c:	04e7a423          	sw	a4,72(a5) # 64001048 <dtb+0x63ff0548>
		r = REG32(spi, SPI_REG_RXFIFO);
   10470:	04c68693          	addi	a3,a3,76 # 6400104c <dtb+0x63ff054c>
   10474:	0006a783          	lw	a5,0(a3)
   10478:	0007871b          	sext.w	a4,a5
	} while (r < 0);
   1047c:	fe07cce3          	bltz	a5,10474 <main+0x288>
	rc |= ((sd_dummy() & 0x80) != 0x80); /* Power up status */
   10480:	4077579b          	sraiw	a5,a4,0x7
   10484:	0017c793          	xori	a5,a5,1
   10488:	0017f793          	andi	a5,a5,1
	REG32(spi, SPI_REG_TXFIFO) = d;
   1048c:	640015b7          	lui	a1,0x64001
		r = REG32(spi, SPI_REG_RXFIFO);
   10490:	64001737          	lui	a4,0x64001
   10494:	00f666b3          	or	a3,a2,a5
	REG32(spi, SPI_REG_TXFIFO) = d;
   10498:	0ff00793          	li	a5,255
   1049c:	04f5a423          	sw	a5,72(a1) # 64001048 <dtb+0x63ff0548>
		r = REG32(spi, SPI_REG_RXFIFO);
   104a0:	04c70713          	addi	a4,a4,76 # 6400104c <dtb+0x63ff054c>
   104a4:	00072783          	lw	a5,0(a4)
	} while (r < 0);
   104a8:	fe07cee3          	bltz	a5,104a4 <main+0x2b8>
	REG32(spi, SPI_REG_TXFIFO) = d;
   104ac:	640017b7          	lui	a5,0x64001
		r = REG32(spi, SPI_REG_RXFIFO);
   104b0:	64001737          	lui	a4,0x64001
	REG32(spi, SPI_REG_TXFIFO) = d;
   104b4:	0ff00613          	li	a2,255
   104b8:	04c7a423          	sw	a2,72(a5) # 64001048 <dtb+0x63ff0548>
		r = REG32(spi, SPI_REG_RXFIFO);
   104bc:	04c70713          	addi	a4,a4,76 # 6400104c <dtb+0x63ff054c>
   104c0:	00072783          	lw	a5,0(a4)
	} while (r < 0);
   104c4:	fe07cee3          	bltz	a5,104c0 <main+0x2d4>
	REG32(spi, SPI_REG_TXFIFO) = d;
   104c8:	640017b7          	lui	a5,0x64001
		r = REG32(spi, SPI_REG_RXFIFO);
   104cc:	64001737          	lui	a4,0x64001
	REG32(spi, SPI_REG_TXFIFO) = d;
   104d0:	0ff00613          	li	a2,255
   104d4:	04c7a423          	sw	a2,72(a5) # 64001048 <dtb+0x63ff0548>
		r = REG32(spi, SPI_REG_RXFIFO);
   104d8:	04c70713          	addi	a4,a4,76 # 6400104c <dtb+0x63ff054c>
   104dc:	00072783          	lw	a5,0(a4)
	} while (r < 0);
   104e0:	fe07cee3          	bltz	a5,104dc <main+0x2f0>
	REG32(spi, SPI_REG_TXFIFO) = d;
   104e4:	640017b7          	lui	a5,0x64001
		r = REG32(spi, SPI_REG_RXFIFO);
   104e8:	64001737          	lui	a4,0x64001
	REG32(spi, SPI_REG_TXFIFO) = d;
   104ec:	0ff00613          	li	a2,255
   104f0:	04c7a423          	sw	a2,72(a5) # 64001048 <dtb+0x63ff0548>
		r = REG32(spi, SPI_REG_RXFIFO);
   104f4:	04c70713          	addi	a4,a4,76 # 6400104c <dtb+0x63ff054c>
   104f8:	00072783          	lw	a5,0(a4)
	} while (r < 0);
   104fc:	fe07cee3          	bltz	a5,104f8 <main+0x30c>
	REG32(spi, SPI_REG_CSMODE) = SPI_CSMODE_AUTO;
   10500:	640017b7          	lui	a5,0x64001
   10504:	0007ac23          	sw	zero,24(a5) # 64001018 <dtb+0x63ff0518>
	    sd_acmd41() ||
   10508:	f20692e3          	bnez	a3,1042c <main+0x240>
	dputs("CMD16");
   1050c:	00000517          	auipc	a0,0x0
   10510:	52c50513          	addi	a0,a0,1324 # 10a38 <spinner+0x40>
   10514:	2c4000ef          	jal	107d8 <kputs>
	rc = (sd_cmd(0x50, 0x200, 0x15) != 0x00);
   10518:	01500613          	li	a2,21
   1051c:	20000593          	li	a1,512
   10520:	05000513          	li	a0,80
   10524:	b91ff0ef          	jal	100b4 <sd_cmd>
	REG32(spi, SPI_REG_TXFIFO) = d;
   10528:	640016b7          	lui	a3,0x64001
		r = REG32(spi, SPI_REG_RXFIFO);
   1052c:	640017b7          	lui	a5,0x64001
	REG32(spi, SPI_REG_TXFIFO) = d;
   10530:	0ff00613          	li	a2,255
	rc = (sd_cmd(0x50, 0x200, 0x15) != 0x00);
   10534:	00050713          	mv	a4,a0
	REG32(spi, SPI_REG_TXFIFO) = d;
   10538:	04c6a423          	sw	a2,72(a3) # 64001048 <dtb+0x63ff0548>
		r = REG32(spi, SPI_REG_RXFIFO);
   1053c:	04c78793          	addi	a5,a5,76 # 6400104c <dtb+0x63ff054c>
   10540:	0007a683          	lw	a3,0(a5)
	} while (r < 0);
   10544:	fe06cee3          	bltz	a3,10540 <main+0x354>
	REG32(spi, SPI_REG_CSMODE) = SPI_CSMODE_AUTO;
   10548:	640017b7          	lui	a5,0x64001
   1054c:	0007ac23          	sw	zero,24(a5) # 64001018 <dtb+0x63ff0518>
	    sd_cmd58() ||
   10550:	ec071ee3          	bnez	a4,1042c <main+0x240>
	dputs("CMD18");
   10554:	00000517          	auipc	a0,0x0
   10558:	4ec50513          	addi	a0,a0,1260 # 10a40 <spinner+0x48>
   1055c:	27c000ef          	jal	107d8 <kputs>
	kprintf("LOADING 0x%x B PAYLOAD\r\n", PAYLOAD_SIZE_B);
   10560:	01e005b7          	lui	a1,0x1e00
   10564:	00000517          	auipc	a0,0x0
   10568:	4e450513          	addi	a0,a0,1252 # 10a48 <spinner+0x50>
   1056c:	2bc000ef          	jal	10828 <kprintf>
	kprintf("LOADING  ");
   10570:	00000517          	auipc	a0,0x0
   10574:	4f850513          	addi	a0,a0,1272 # 10a68 <spinner+0x70>
   10578:	2b0000ef          	jal	10828 <kprintf>
	REG32(spi, SPI_REG_SCKDIV) = SPI_DIV;
   1057c:	000057b7          	lui	a5,0x5
   10580:	e1f78793          	addi	a5,a5,-481 # 4e1f <_prog_start-0xb1e1>
   10584:	64001737          	lui	a4,0x64001
   10588:	00f72023          	sw	a5,0(a4) # 64001000 <dtb+0x63ff0500>
	if (sd_cmd(0x52, BBL_PARTITION_START_SECTOR, 0xE1) != 0x00) {
   1058c:	0e100613          	li	a2,225
   10590:	02200593          	li	a1,34
   10594:	05200513          	li	a0,82
   10598:	b1dff0ef          	jal	100b4 <sd_cmd>
   1059c:	20051263          	bnez	a0,107a0 <main+0x5b4>
	volatile uint8_t *p = (void *)(PAYLOAD_DEST);
   105a0:	00100893          	li	a7,1
	REG32(spi, SPI_REG_TXFIFO) = d;
   105a4:	64001537          	lui	a0,0x64001
		r = REG32(spi, SPI_REG_RXFIFO);
   105a8:	64001637          	lui	a2,0x64001
	crc ^= (crc & 0xff) << 5;
   105ac:	00002337          	lui	t1,0x2
	} while (--i > 0);
   105b0:	40f00293          	li	t0,1039
	long i = PAYLOAD_SIZE;
   105b4:	0000ffb7          	lui	t6,0xf
	volatile uint8_t *p = (void *)(PAYLOAD_DEST);
   105b8:	01f89893          	slli	a7,a7,0x1f
	REG32(spi, SPI_REG_TXFIFO) = d;
   105bc:	04850513          	addi	a0,a0,72 # 64001048 <dtb+0x63ff0548>
   105c0:	0ff00393          	li	t2,255
   105c4:	0ff00813          	li	a6,255
		r = REG32(spi, SPI_REG_RXFIFO);
   105c8:	04c60613          	addi	a2,a2,76 # 6400104c <dtb+0x63ff054c>
		while (sd_dummy() != 0xFE);
   105cc:	0fe00e93          	li	t4,254
	crc ^= (crc & 0xff) << 5;
   105d0:	fe030313          	addi	t1,t1,-32 # 1fe0 <_prog_start-0xe020>
{
	volatile uint32_t *tx = &REG32(uart, UART_REG_TXFIFO);
#ifdef __riscv_atomic
	int32_t r;
	do {
		__asm__ __volatile__ (
   105d4:	64000e37          	lui	t3,0x64000
   105d8:	00800f13          	li	t5,8
			kputc(spinner[SPIN_INDEX(i)]);
   105dc:	00000097          	auipc	ra,0x0
   105e0:	41c08093          	addi	ra,ra,1052 # 109f8 <spinner>
	} while (--i > 0);
   105e4:	01529293          	slli	t0,t0,0x15
	REG32(spi, SPI_REG_TXFIFO) = d;
   105e8:	01052023          	sw	a6,0(a0)
		r = REG32(spi, SPI_REG_RXFIFO);
   105ec:	00062783          	lw	a5,0(a2)
   105f0:	0007871b          	sext.w	a4,a5
	} while (r < 0);
   105f4:	fe07cce3          	bltz	a5,105ec <main+0x400>
		while (sd_dummy() != 0xFE);
   105f8:	0ff77713          	zext.b	a4,a4
   105fc:	ffd716e3          	bne	a4,t4,105e8 <main+0x3fc>
   10600:	00088593          	mv	a1,a7
		crc = 0;
   10604:	00000693          	li	a3,0
   10608:	20088893          	addi	a7,a7,512
	REG32(spi, SPI_REG_TXFIFO) = d;
   1060c:	01052023          	sw	a6,0(a0)
		r = REG32(spi, SPI_REG_RXFIFO);
   10610:	00062783          	lw	a5,0(a2)
   10614:	0007871b          	sext.w	a4,a5
	} while (r < 0);
   10618:	fe07cce3          	bltz	a5,10610 <main+0x424>
	crc = (uint8_t)(crc >> 8) | (crc << 8);
   1061c:	0086979b          	slliw	a5,a3,0x8
   10620:	0086d69b          	srliw	a3,a3,0x8
   10624:	00d7e7b3          	or	a5,a5,a3
   10628:	03079793          	slli	a5,a5,0x30
	return r;
   1062c:	0ff77713          	zext.b	a4,a4
	crc = (uint8_t)(crc >> 8) | (crc << 8);
   10630:	0307d793          	srli	a5,a5,0x30
	crc ^= data;
   10634:	00f747b3          	xor	a5,a4,a5
	crc ^= (uint8_t)(crc >> 4) & 0xf;
   10638:	0047d69b          	srliw	a3,a5,0x4
   1063c:	00f6f693          	andi	a3,a3,15
   10640:	00d7c7b3          	xor	a5,a5,a3
   10644:	0107979b          	slliw	a5,a5,0x10
   10648:	4107d79b          	sraiw	a5,a5,0x10
	crc ^= crc << 12;
   1064c:	00c7969b          	slliw	a3,a5,0xc
   10650:	00d7c7b3          	xor	a5,a5,a3
   10654:	0107979b          	slliw	a5,a5,0x10
   10658:	4107d79b          	sraiw	a5,a5,0x10
	crc ^= (crc & 0xff) << 5;
   1065c:	0057969b          	slliw	a3,a5,0x5
   10660:	00d376b3          	and	a3,t1,a3
   10664:	00d7c7b3          	xor	a5,a5,a3
   10668:	03079693          	slli	a3,a5,0x30
			*p++ = x;
   1066c:	00158413          	addi	s0,a1,1 # 1e00001 <dtb+0x1def501>
   10670:	00e58023          	sb	a4,0(a1)
	crc ^= (crc & 0xff) << 5;
   10674:	0306d693          	srli	a3,a3,0x30
		} while (--n > 0);
   10678:	01140663          	beq	s0,a7,10684 <main+0x498>
			*p++ = x;
   1067c:	00040593          	mv	a1,s0
   10680:	f8dff06f          	j	1060c <main+0x420>
	REG32(spi, SPI_REG_TXFIFO) = d;
   10684:	00752023          	sw	t2,0(a0)
		r = REG32(spi, SPI_REG_RXFIFO);
   10688:	00062783          	lw	a5,0(a2)
   1068c:	0007871b          	sext.w	a4,a5
	} while (r < 0);
   10690:	fe07cce3          	bltz	a5,10688 <main+0x49c>
		crc_exp = ((uint16_t)sd_dummy() << 8);
   10694:	0ff77713          	zext.b	a4,a4
   10698:	0087171b          	slliw	a4,a4,0x8
   1069c:	03071713          	slli	a4,a4,0x30
   106a0:	03075713          	srli	a4,a4,0x30
	REG32(spi, SPI_REG_TXFIFO) = d;
   106a4:	00752023          	sw	t2,0(a0)
		r = REG32(spi, SPI_REG_RXFIFO);
   106a8:	00062783          	lw	a5,0(a2)
   106ac:	0007859b          	sext.w	a1,a5
	} while (r < 0);
   106b0:	fe07cce3          	bltz	a5,106a8 <main+0x4bc>
		crc_exp |= sd_dummy();
   106b4:	0ff5f793          	zext.b	a5,a1
		if (crc != crc_exp) {
   106b8:	00e7e7b3          	or	a5,a5,a4
   106bc:	0cd79863          	bne	a5,a3,1078c <main+0x5a0>
		if (SPIN_UPDATE(i)) {
   106c0:	03fff793          	andi	a5,t6,63
   106c4:	08078e63          	beqz	a5,10760 <main+0x574>
	} while (--i > 0);
   106c8:	ffff8f93          	addi	t6,t6,-1 # efff <_prog_start-0x1001>
   106cc:	f0541ee3          	bne	s0,t0,105e8 <main+0x3fc>
	int rc = 0;
   106d0:	00000413          	li	s0,0
	REG32(spi, SPI_REG_TXFIFO) = d;
   106d4:	64001737          	lui	a4,0x64001
		r = REG32(spi, SPI_REG_RXFIFO);
   106d8:	640017b7          	lui	a5,0x64001
	REG32(spi, SPI_REG_TXFIFO) = d;
   106dc:	0ff00693          	li	a3,255
   106e0:	04d72423          	sw	a3,72(a4) # 64001048 <dtb+0x63ff0548>
		r = REG32(spi, SPI_REG_RXFIFO);
   106e4:	04c78793          	addi	a5,a5,76 # 6400104c <dtb+0x63ff054c>
   106e8:	0007a703          	lw	a4,0(a5)
	} while (r < 0);
   106ec:	fe074ee3          	bltz	a4,106e8 <main+0x4fc>
	REG32(spi, SPI_REG_CSMODE) = SPI_CSMODE_AUTO;
   106f0:	640017b7          	lui	a5,0x64001
   106f4:	0007ac23          	sw	zero,24(a5) # 64001018 <dtb+0x63ff0518>
	sd_cmd(0x4C, 0, 0x01);
   106f8:	00100613          	li	a2,1
   106fc:	00000593          	li	a1,0
   10700:	04c00513          	li	a0,76
   10704:	9b1ff0ef          	jal	100b4 <sd_cmd>
	REG32(spi, SPI_REG_TXFIFO) = d;
   10708:	64001737          	lui	a4,0x64001
		r = REG32(spi, SPI_REG_RXFIFO);
   1070c:	640017b7          	lui	a5,0x64001
	REG32(spi, SPI_REG_TXFIFO) = d;
   10710:	0ff00693          	li	a3,255
   10714:	04d72423          	sw	a3,72(a4) # 64001048 <dtb+0x63ff0548>
		r = REG32(spi, SPI_REG_RXFIFO);
   10718:	04c78793          	addi	a5,a5,76 # 6400104c <dtb+0x63ff054c>
   1071c:	0007a703          	lw	a4,0(a5)
	} while (r < 0);
   10720:	fe074ee3          	bltz	a4,1071c <main+0x530>
	REG32(spi, SPI_REG_CSMODE) = SPI_CSMODE_AUTO;
   10724:	640017b7          	lui	a5,0x64001
	kputs("\b ");
   10728:	00000517          	auipc	a0,0x0
   1072c:	36850513          	addi	a0,a0,872 # 10a90 <spinner+0x98>
	REG32(spi, SPI_REG_CSMODE) = SPI_CSMODE_AUTO;
   10730:	0007ac23          	sw	zero,24(a5) # 64001018 <dtb+0x63ff0518>
	kputs("\b ");
   10734:	0a4000ef          	jal	107d8 <kputs>
	    sd_cmd16() ||
   10738:	ce041ae3          	bnez	s0,1042c <main+0x240>
	kputs("BOOT");
   1073c:	00000517          	auipc	a0,0x0
   10740:	36450513          	addi	a0,a0,868 # 10aa0 <spinner+0xa8>
   10744:	094000ef          	jal	107d8 <kputs>
	__asm__ __volatile__ ("fence.i" : : : "memory");
   10748:	0000100f          	fence.i
   1074c:	01813483          	ld	s1,24(sp)
   10750:	01013903          	ld	s2,16(sp)
   10754:	00813983          	ld	s3,8(sp)
   10758:	00013a03          	ld	s4,0(sp)
	return 0;
   1075c:	c55ff06f          	j	103b0 <main+0x1c4>
   10760:	41ee27af          	amoor.w	a5,t5,(t3)
			"amoor.w %0, %2, %1\n"
			: "=r" (r), "+A" (*tx)
			: "r" (c));
	} while (r < 0);
   10764:	02079713          	slli	a4,a5,0x20
   10768:	fe074ce3          	bltz	a4,10760 <main+0x574>
			kputc(spinner[SPIN_INDEX(i)]);
   1076c:	406fd793          	srai	a5,t6,0x6
   10770:	0037f793          	andi	a5,a5,3
   10774:	00f087b3          	add	a5,ra,a5
   10778:	0007c783          	lbu	a5,0(a5)
		__asm__ __volatile__ (
   1077c:	40fe272f          	amoor.w	a4,a5,(t3)
	} while (r < 0);
   10780:	02071693          	slli	a3,a4,0x20
   10784:	fe06cce3          	bltz	a3,1077c <main+0x590>
   10788:	f41ff06f          	j	106c8 <main+0x4dc>
			kputs("\b- CRC mismatch ");
   1078c:	00000517          	auipc	a0,0x0
   10790:	2ec50513          	addi	a0,a0,748 # 10a78 <spinner+0x80>
   10794:	044000ef          	jal	107d8 <kputs>
			rc = 1;
   10798:	00100413          	li	s0,1
			break;
   1079c:	f39ff06f          	j	106d4 <main+0x4e8>
	REG32(spi, SPI_REG_TXFIFO) = d;
   107a0:	64001737          	lui	a4,0x64001
		r = REG32(spi, SPI_REG_RXFIFO);
   107a4:	640017b7          	lui	a5,0x64001
	REG32(spi, SPI_REG_TXFIFO) = d;
   107a8:	0ff00693          	li	a3,255
   107ac:	04d72423          	sw	a3,72(a4) # 64001048 <dtb+0x63ff0548>
		r = REG32(spi, SPI_REG_RXFIFO);
   107b0:	04c78793          	addi	a5,a5,76 # 6400104c <dtb+0x63ff054c>
   107b4:	0007a703          	lw	a4,0(a5)
	} while (r < 0);
   107b8:	fe074ee3          	bltz	a4,107b4 <main+0x5c8>
	REG32(spi, SPI_REG_CSMODE) = SPI_CSMODE_AUTO;
   107bc:	640017b7          	lui	a5,0x64001
   107c0:	01813483          	ld	s1,24(sp)
   107c4:	01013903          	ld	s2,16(sp)
   107c8:	00813983          	ld	s3,8(sp)
   107cc:	00013a03          	ld	s4,0(sp)
   107d0:	0007ac23          	sw	zero,24(a5) # 64001018 <dtb+0x63ff0518>
		return 1;
   107d4:	bcdff06f          	j	103a0 <main+0x1b4>

00000000000107d8 <kputs>:
#include "kprintf.h"

static inline void _kputs(const char *s)
{
	char c;
	for (; (c = *s) != '\0'; s++)
   107d8:	00054703          	lbu	a4,0(a0)
   107dc:	02070063          	beqz	a4,107fc <kputs+0x24>
		__asm__ __volatile__ (
   107e0:	640007b7          	lui	a5,0x64000
   107e4:	40e7a6af          	amoor.w	a3,a4,(a5)
	} while (r < 0);
   107e8:	02069613          	slli	a2,a3,0x20
   107ec:	fe064ce3          	bltz	a2,107e4 <kputs+0xc>
   107f0:	00154703          	lbu	a4,1(a0)
   107f4:	00150513          	addi	a0,a0,1
   107f8:	fe0716e3          	bnez	a4,107e4 <kputs+0xc>
		__asm__ __volatile__ (
   107fc:	640007b7          	lui	a5,0x64000
   10800:	00d00713          	li	a4,13
   10804:	40e7a6af          	amoor.w	a3,a4,(a5)
	} while (r < 0);
   10808:	02069613          	slli	a2,a3,0x20
   1080c:	fe064ce3          	bltz	a2,10804 <kputs+0x2c>
		__asm__ __volatile__ (
   10810:	640007b7          	lui	a5,0x64000
   10814:	00a00713          	li	a4,10
   10818:	40e7a6af          	amoor.w	a3,a4,(a5)
	} while (r < 0);
   1081c:	02069613          	slli	a2,a3,0x20
   10820:	fe064ce3          	bltz	a2,10818 <kputs+0x40>
void kputs(const char *s)
{
	_kputs(s);
	kputc('\r');
	kputc('\n');
}
   10824:	00008067          	ret

0000000000010828 <kprintf>:

void kprintf(const char *fmt, ...)
{
   10828:	fb010113          	addi	sp,sp,-80

	va_start(vl, fmt);
	is_format = false;
	is_long = false;
	is_char = false;
	while ((c = *fmt++) != '\0') {
   1082c:	00054303          	lbu	t1,0(a0)
{
   10830:	02f13c23          	sd	a5,56(sp)
	va_start(vl, fmt);
   10834:	01810793          	addi	a5,sp,24
{
   10838:	00b13c23          	sd	a1,24(sp)
   1083c:	02c13023          	sd	a2,32(sp)
   10840:	02d13423          	sd	a3,40(sp)
   10844:	02e13823          	sd	a4,48(sp)
   10848:	05013023          	sd	a6,64(sp)
   1084c:	05113423          	sd	a7,72(sp)
	va_start(vl, fmt);
   10850:	00f13423          	sd	a5,8(sp)
	while ((c = *fmt++) != '\0') {
   10854:	08030263          	beqz	t1,108d8 <kprintf+0xb0>
   10858:	00150513          	addi	a0,a0,1
   1085c:	00000f13          	li	t5,0
   10860:	00000613          	li	a2,0
   10864:	00000693          	li	a3,0
				break;
			}
			is_format = false;
			is_long = false;
			is_char = false;
		} else if (c == '%') {
   10868:	02500e93          	li	t4,37
		__asm__ __volatile__ (
   1086c:	640005b7          	lui	a1,0x64000
			switch (c) {
   10870:	01500e13          	li	t3,21
   10874:	00000897          	auipc	a7,0x0
   10878:	23488893          	addi	a7,a7,564 # 10aa8 <spinner+0xb0>
		if (is_format) {
   1087c:	0e068663          	beqz	a3,10968 <kprintf+0x140>
			switch (c) {
   10880:	f9d3031b          	addiw	t1,t1,-99
   10884:	0ff37313          	zext.b	t1,t1
   10888:	026e6c63          	bltu	t3,t1,108c0 <kprintf+0x98>
   1088c:	00231313          	slli	t1,t1,0x2
   10890:	01130333          	add	t1,t1,a7
   10894:	00032783          	lw	a5,0(t1)
   10898:	011787b3          	add	a5,a5,a7
   1089c:	00078067          	jr	a5 # 64000000 <dtb+0x63fef500>
				kputc(va_arg(vl, int));
   108a0:	00813683          	ld	a3,8(sp)
   108a4:	640007b7          	lui	a5,0x64000
   108a8:	0006c703          	lbu	a4,0(a3)
   108ac:	00868693          	addi	a3,a3,8
   108b0:	00d13423          	sd	a3,8(sp)
   108b4:	40e7a6af          	amoor.w	a3,a4,(a5)
	} while (r < 0);
   108b8:	02069613          	slli	a2,a3,0x20
   108bc:	fe064ce3          	bltz	a2,108b4 <kprintf+0x8c>
			is_char = false;
   108c0:	00000f13          	li	t5,0
			is_long = false;
   108c4:	00000613          	li	a2,0
			is_format = false;
   108c8:	00000693          	li	a3,0
	while ((c = *fmt++) != '\0') {
   108cc:	00054303          	lbu	t1,0(a0)
   108d0:	00150513          	addi	a0,a0,1
   108d4:	fa0314e3          	bnez	t1,1087c <kprintf+0x54>
		} else {
			kputc(c);
		}
	}
	va_end(vl);
}
   108d8:	05010113          	addi	sp,sp,80
   108dc:	00008067          	ret
					n = va_arg(vl, unsigned long);
   108e0:	00813783          	ld	a5,8(sp)
   108e4:	00878713          	addi	a4,a5,8 # 64000008 <dtb+0x63fef508>
				if (is_long) {
   108e8:	0a060463          	beqz	a2,10990 <kprintf+0x168>
					n = va_arg(vl, unsigned long);
   108ec:	0007bf83          	ld	t6,0(a5)
   108f0:	00e13423          	sd	a4,8(sp)
					i = (sizeof(unsigned long) << 3) - 4;
   108f4:	03c00813          	li	a6,60
					kputc(d < 10 ? '0' + d : 'a' + d - 10);
   108f8:	00900f13          	li	t5,9
		__asm__ __volatile__ (
   108fc:	640007b7          	lui	a5,0x64000
				for (; i >= 0; i -= 4) {
   10900:	ffc00313          	li	t1,-4
					d = (n >> i) & 0xF;
   10904:	010fd733          	srl	a4,t6,a6
					kputc(d < 10 ? '0' + d : 'a' + d - 10);
   10908:	00f77613          	andi	a2,a4,15
   1090c:	05760713          	addi	a4,a2,87
   10910:	00cf6463          	bltu	t5,a2,10918 <kprintf+0xf0>
   10914:	03060713          	addi	a4,a2,48
   10918:	40e7a6af          	amoor.w	a3,a4,(a5)
	} while (r < 0);
   1091c:	02069613          	slli	a2,a3,0x20
   10920:	fe064ce3          	bltz	a2,10918 <kprintf+0xf0>
				for (; i >= 0; i -= 4) {
   10924:	ffc80813          	addi	a6,a6,-4
   10928:	fc681ee3          	bne	a6,t1,10904 <kprintf+0xdc>
   1092c:	f95ff06f          	j	108c0 <kprintf+0x98>
				_kputs(va_arg(vl, const char *));
   10930:	00813783          	ld	a5,8(sp)
   10934:	0007b803          	ld	a6,0(a5) # 64000000 <dtb+0x63fef500>
   10938:	00878793          	addi	a5,a5,8
   1093c:	00f13423          	sd	a5,8(sp)
	for (; (c = *s) != '\0'; s++)
   10940:	00084703          	lbu	a4,0(a6)
   10944:	f6070ee3          	beqz	a4,108c0 <kprintf+0x98>
		__asm__ __volatile__ (
   10948:	640007b7          	lui	a5,0x64000
   1094c:	40e7a6af          	amoor.w	a3,a4,(a5)
	} while (r < 0);
   10950:	02069613          	slli	a2,a3,0x20
   10954:	fe064ce3          	bltz	a2,1094c <kprintf+0x124>
   10958:	00184703          	lbu	a4,1(a6)
   1095c:	00180813          	addi	a6,a6,1
   10960:	fe0716e3          	bnez	a4,1094c <kprintf+0x124>
   10964:	f5dff06f          	j	108c0 <kprintf+0x98>
		} else if (c == '%') {
   10968:	01d31663          	bne	t1,t4,10974 <kprintf+0x14c>
			is_format = true;
   1096c:	00100693          	li	a3,1
   10970:	f5dff06f          	j	108cc <kprintf+0xa4>
		__asm__ __volatile__ (
   10974:	4065a7af          	amoor.w	a5,t1,(a1)
	} while (r < 0);
   10978:	02079713          	slli	a4,a5,0x20
   1097c:	f40758e3          	bgez	a4,108cc <kprintf+0xa4>
		__asm__ __volatile__ (
   10980:	4065a7af          	amoor.w	a5,t1,(a1)
	} while (r < 0);
   10984:	02079713          	slli	a4,a5,0x20
   10988:	fe0746e3          	bltz	a4,10974 <kprintf+0x14c>
   1098c:	f41ff06f          	j	108cc <kprintf+0xa4>
					n = va_arg(vl, unsigned int);
   10990:	00e13423          	sd	a4,8(sp)
   10994:	0007ef83          	lwu	t6,0(a5) # 64000000 <dtb+0x63fef500>
					i = is_char ? 4 : (sizeof(unsigned int) << 3) - 4;
   10998:	01c00813          	li	a6,28
   1099c:	f40f0ee3          	beqz	t5,108f8 <kprintf+0xd0>
   109a0:	00400813          	li	a6,4
   109a4:	f55ff06f          	j	108f8 <kprintf+0xd0>
			switch (c) {
   109a8:	00068f13          	mv	t5,a3
   109ac:	f21ff06f          	j	108cc <kprintf+0xa4>
				is_long = true;
   109b0:	00068613          	mv	a2,a3
   109b4:	f19ff06f          	j	108cc <kprintf+0xa4>
	...

Disassembly of section .srodata:

00000000000109f8 <spinner>:
static const char spinner[] = { '-', '/', '|', '\\' };
   109f8:	2f2d                	.insn	2, 0x2f2d
   109fa:	5c7c                	.insn	2, 0x5c7c

Disassembly of section .rodata:

0000000000010a00 <dtb-0x100>:
   10a00:	635f6473          	csrrsi	s0,0x635,30
   10a04:	646d                	.insn	2, 0x646d
   10a06:	203a                	.insn	2, 0x203a
   10a08:	6974                	.insn	2, 0x6974
   10a0a:	656d                	.insn	2, 0x656d
   10a0c:	0074756f          	jal	a0,58212 <dtb+0x47712>
   10a10:	4e49                	.insn	2, 0x4e49
   10a12:	5449                	.insn	2, 0x5449
   10a14:	0000                	.insn	2, 0x
   10a16:	0000                	.insn	2, 0x
   10a18:	30444d43          	.insn	4, 0x30444d43
   10a1c:	0000                	.insn	2, 0x
   10a1e:	0000                	.insn	2, 0x
   10a20:	38444d43          	.insn	4, 0x38444d43
   10a24:	0000                	.insn	2, 0x
   10a26:	0000                	.insn	2, 0x
   10a28:	4341                	.insn	2, 0x4341
   10a2a:	444d                	.insn	2, 0x444d
   10a2c:	3134                	.insn	2, 0x3134
   10a2e:	0000                	.insn	2, 0x
   10a30:	35444d43          	.insn	4, 0x35444d43
   10a34:	0038                	.insn	2, 0x0038
   10a36:	0000                	.insn	2, 0x
   10a38:	31444d43          	.insn	4, 0x31444d43
   10a3c:	0036                	.insn	2, 0x0036
   10a3e:	0000                	.insn	2, 0x
   10a40:	31444d43          	.insn	4, 0x31444d43
   10a44:	0038                	.insn	2, 0x0038
   10a46:	0000                	.insn	2, 0x
   10a48:	4f4c                	.insn	2, 0x4f4c
   10a4a:	4441                	.insn	2, 0x4441
   10a4c:	4e49                	.insn	2, 0x4e49
   10a4e:	78302047          	.insn	4, 0x78302047
   10a52:	7825                	.insn	2, 0x7825
   10a54:	4220                	.insn	2, 0x4220
   10a56:	5020                	.insn	2, 0x5020
   10a58:	5941                	.insn	2, 0x5941
   10a5a:	4f4c                	.insn	2, 0x4f4c
   10a5c:	4441                	.insn	2, 0x4441
   10a5e:	0a0d                	.insn	2, 0x0a0d
	...
   10a68:	4f4c                	.insn	2, 0x4f4c
   10a6a:	4441                	.insn	2, 0x4441
   10a6c:	4e49                	.insn	2, 0x4e49
   10a6e:	00202047          	.insn	4, 0x00202047
   10a72:	0000                	.insn	2, 0x
   10a74:	0000                	.insn	2, 0x
   10a76:	0000                	.insn	2, 0x
   10a78:	2d08                	.insn	2, 0x2d08
   10a7a:	4320                	.insn	2, 0x4320
   10a7c:	4352                	.insn	2, 0x4352
   10a7e:	6d20                	.insn	2, 0x6d20
   10a80:	7369                	.insn	2, 0x7369
   10a82:	616d                	.insn	2, 0x616d
   10a84:	6374                	.insn	2, 0x6374
   10a86:	2068                	.insn	2, 0x2068
	...
   10a90:	2008                	.insn	2, 0x2008
   10a92:	0000                	.insn	2, 0x
   10a94:	0000                	.insn	2, 0x
   10a96:	0000                	.insn	2, 0x
   10a98:	5245                	.insn	2, 0x5245
   10a9a:	4f52                	.insn	2, 0x4f52
   10a9c:	0052                	.insn	2, 0x0052
   10a9e:	0000                	.insn	2, 0x
   10aa0:	4f42                	.insn	2, 0x4f42
   10aa2:	0000544f          	.insn	4, 0x544f
   10aa6:	0000                	.insn	2, 0x
   10aa8:	fdf8                	.insn	2, 0xfdf8
   10aaa:	ffff                	.insn	2, 0xffff
   10aac:	fe18                	.insn	2, 0xfe18
   10aae:	ffff                	.insn	2, 0xffff
   10ab0:	fe18                	.insn	2, 0xfe18
   10ab2:	ffff                	.insn	2, 0xffff
   10ab4:	fe18                	.insn	2, 0xfe18
   10ab6:	ffff                	.insn	2, 0xffff
   10ab8:	fe18                	.insn	2, 0xfe18
   10aba:	ffff                	.insn	2, 0xffff
   10abc:	ff00                	.insn	2, 0xff00
   10abe:	ffff                	.insn	2, 0xffff
   10ac0:	fe18                	.insn	2, 0xfe18
   10ac2:	ffff                	.insn	2, 0xffff
   10ac4:	fe18                	.insn	2, 0xfe18
   10ac6:	ffff                	.insn	2, 0xffff
   10ac8:	fe18                	.insn	2, 0xfe18
   10aca:	ffff                	.insn	2, 0xffff
   10acc:	ff08                	.insn	2, 0xff08
   10ace:	ffff                	.insn	2, 0xffff
   10ad0:	fe18                	.insn	2, 0xfe18
   10ad2:	ffff                	.insn	2, 0xffff
   10ad4:	fe18                	.insn	2, 0xfe18
   10ad6:	ffff                	.insn	2, 0xffff
   10ad8:	fe18                	.insn	2, 0xfe18
   10ada:	ffff                	.insn	2, 0xffff
   10adc:	fe18                	.insn	2, 0xfe18
   10ade:	ffff                	.insn	2, 0xffff
   10ae0:	fe18                	.insn	2, 0xfe18
   10ae2:	ffff                	.insn	2, 0xffff
   10ae4:	fe18                	.insn	2, 0xfe18
   10ae6:	ffff                	.insn	2, 0xffff
   10ae8:	fe88                	.insn	2, 0xfe88
   10aea:	ffff                	.insn	2, 0xffff
   10aec:	fe18                	.insn	2, 0xfe18
   10aee:	ffff                	.insn	2, 0xffff
   10af0:	fe18                	.insn	2, 0xfe18
   10af2:	ffff                	.insn	2, 0xffff
   10af4:	fe18                	.insn	2, 0xfe18
   10af6:	ffff                	.insn	2, 0xffff
   10af8:	fe18                	.insn	2, 0xfe18
   10afa:	ffff                	.insn	2, 0xffff
   10afc:	fe38                	.insn	2, 0xfe38
   10afe:	ffff                	.insn	2, 0xffff

Disassembly of section .riscv.attributes:

0000000000000000 <.riscv.attributes>:
   0:	4741                	.insn	2, 0x4741
   2:	0000                	.insn	2, 0x
   4:	7200                	.insn	2, 0x7200
   6:	7369                	.insn	2, 0x7369
   8:	01007663          	bgeu	zero,a6,14 <_prog_start-0xffec>
   c:	003d                	.insn	2, 0x003d
   e:	0000                	.insn	2, 0x
  10:	1004                	.insn	2, 0x1004
  12:	7205                	.insn	2, 0x7205
  14:	3676                	.insn	2, 0x3676
  16:	6934                	.insn	2, 0x6934
  18:	7032                	.insn	2, 0x7032
  1a:	5f31                	.insn	2, 0x5f31
  1c:	326d                	.insn	2, 0x326d
  1e:	3070                	.insn	2, 0x3070
  20:	615f 7032 5f31      	.insn	6, 0x5f317032615f
  26:	697a                	.insn	2, 0x697a
  28:	32727363          	bgeu	tp,t2,34e <_prog_start-0xfcb2>
  2c:	3070                	.insn	2, 0x3070
  2e:	7a5f 6669 6e65      	.insn	6, 0x6e6566697a5f
  34:	32696563          	bltu	s2,t1,35e <_prog_start-0xfca2>
  38:	3070                	.insn	2, 0x3070
  3a:	7a5f 6d6d 6c75      	.insn	6, 0x6c756d6d7a5f
  40:	7031                	.insn	2, 0x7031
  42:	0030                	.insn	2, 0x0030
  44:	0108                	.insn	2, 0x0108
  46:	0b0a                	.insn	2, 0x0b0a

Disassembly of section .comment:

0000000000000000 <.comment>:
   0:	3a434347          	.insn	4, 0x3a434347
   4:	2820                	.insn	2, 0x2820
   6:	39386367          	.insn	4, 0x39386367
   a:	6431                	.insn	2, 0x6431
   c:	6438                	.insn	2, 0x6438
   e:	65333263          	.insn	4, 0x65333263
  12:	2029                	.insn	2, 0x2029
  14:	3331                	.insn	2, 0x3331
  16:	322e                	.insn	2, 0x322e
  18:	302e                	.insn	2, 0x302e
	...

Disassembly of section .debug_line:

0000000000000000 <.debug_line>:
       0:	0094                	.insn	2, 0x0094
       2:	0000                	.insn	2, 0x
       4:	0005                	.insn	2, 0x0005
       6:	0008                	.insn	2, 0x0008
       8:	002a                	.insn	2, 0x002a
       a:	0000                	.insn	2, 0x
       c:	0101                	.insn	2, 0x0101
       e:	fb01                	.insn	2, 0xfb01
      10:	0d0e                	.insn	2, 0x0d0e
      12:	0100                	.insn	2, 0x0100
      14:	0101                	.insn	2, 0x0101
      16:	0001                	.insn	2, 0x0001
      18:	0000                	.insn	2, 0x
      1a:	0001                	.insn	2, 0x0001
      1c:	0100                	.insn	2, 0x0100
      1e:	0101                	.insn	2, 0x0101
      20:	011f 0000 0000      	.insn	6, 0x011f
      26:	0102                	.insn	2, 0x0102
      28:	021f 020f 0040      	.insn	6, 0x0040020f021f
      2e:	0000                	.insn	2, 0x
      30:	4000                	.insn	2, 0x4000
      32:	0000                	.insn	2, 0x
      34:	0000                	.insn	2, 0x
      36:	0900                	.insn	2, 0x0900
      38:	0002                	.insn	2, 0x0002
      3a:	0100                	.insn	2, 0x0100
      3c:	0000                	.insn	2, 0x
      3e:	0000                	.insn	2, 0x
      40:	0300                	.insn	2, 0x0300
      42:	0109                	.insn	2, 0x0109
      44:	14090103          	lb	sp,320(s2)
      48:	0100                	.insn	2, 0x0100
      4a:	0c090303          	lb	t1,192(s2)
      4e:	0100                	.insn	2, 0x0100
      50:	04090103          	lb	sp,64(s2)
      54:	0100                	.insn	2, 0x0100
      56:	04090103          	lb	sp,64(s2)
      5a:	0100                	.insn	2, 0x0100
      5c:	0c090103          	lb	sp,192(s2)
      60:	0100                	.insn	2, 0x0100
      62:	04090303          	lb	t1,64(s2)
      66:	0100                	.insn	2, 0x0100
      68:	04090103          	lb	sp,64(s2)
      6c:	0100                	.insn	2, 0x0100
      6e:	04090503          	lb	a0,64(s2)
      72:	0100                	.insn	2, 0x0100
      74:	04090203          	lb	tp,64(s2)
      78:	0100                	.insn	2, 0x0100
      7a:	58090103          	lb	sp,1408(s2)
      7e:	0100                	.insn	2, 0x0100
      80:	04090103          	lb	sp,64(s2)
      84:	0100                	.insn	2, 0x0100
      86:	08090103          	lb	sp,128(s2)
      8a:	0100                	.insn	2, 0x0100
      8c:	08090103          	lb	sp,128(s2)
      90:	0100                	.insn	2, 0x0100
      92:	0409                	.insn	2, 0x0409
      94:	0000                	.insn	2, 0x
      96:	0101                	.insn	2, 0x0101
      98:	12da                	.insn	2, 0x12da
      9a:	0000                	.insn	2, 0x
      9c:	0005                	.insn	2, 0x0005
      9e:	0008                	.insn	2, 0x0008
      a0:	0041                	.insn	2, 0x0041
      a2:	0000                	.insn	2, 0x
      a4:	0101                	.insn	2, 0x0101
      a6:	fb01                	.insn	2, 0xfb01
      a8:	0d0e                	.insn	2, 0x0d0e
      aa:	0100                	.insn	2, 0x0100
      ac:	0101                	.insn	2, 0x0101
      ae:	0001                	.insn	2, 0x0001
      b0:	0000                	.insn	2, 0x
      b2:	0001                	.insn	2, 0x0001
      b4:	0100                	.insn	2, 0x0100
      b6:	0101                	.insn	2, 0x0101
      b8:	031f 0000 0000      	.insn	6, 0x031f
      be:	004c                	.insn	2, 0x004c
      c0:	0000                	.insn	2, 0x
      c2:	00a1                	.insn	2, 0x00a1
      c4:	0000                	.insn	2, 0x
      c6:	0102                	.insn	2, 0x0102
      c8:	021f 050f 0047      	.insn	6, 0x0047050f021f
      ce:	0000                	.insn	2, 0x
      d0:	4700                	.insn	2, 0x4700
      d2:	0000                	.insn	2, 0x
      d4:	0000                	.insn	2, 0x
      d6:	00f2                	.insn	2, 0x00f2
      d8:	0000                	.insn	2, 0x
      da:	fc00                	.insn	2, 0xfc00
      dc:	0000                	.insn	2, 0x
      de:	0100                	.insn	2, 0x0100
      e0:	010d                	.insn	2, 0x010d
      e2:	0000                	.insn	2, 0x
      e4:	0502                	.insn	2, 0x0502
      e6:	0001                	.insn	2, 0x0001
      e8:	0209                	.insn	2, 0x0209
      ea:	00b4                	.insn	2, 0x00b4
      ec:	0001                	.insn	2, 0x0001
      ee:	0000                	.insn	2, 0x
      f0:	0000                	.insn	2, 0x
      f2:	05013603          	ld	a2,80(sp)
      f6:	0302                	.insn	2, 0x0302
      f8:	0901                	.insn	2, 0x0901
      fa:	0000                	.insn	2, 0x
      fc:	0301                	.insn	2, 0x0301
      fe:	0901                	.insn	2, 0x0901
     100:	0000                	.insn	2, 0x
     102:	0301                	.insn	2, 0x0301
     104:	0902                	.insn	2, 0x0902
     106:	0000                	.insn	2, 0x
     108:	0501                	.insn	2, 0x0501
     10a:	0601                	.insn	2, 0x0601
     10c:	00097c03          	.insn	4, 0x00097c03
     110:	0100                	.insn	2, 0x0100
     112:	1d05                	.insn	2, 0x1d05
     114:	0c090403          	lb	s0,192(s2)
     118:	0100                	.insn	2, 0x0100
     11a:	0205                	.insn	2, 0x0205
     11c:	0306                	.insn	2, 0x0306
     11e:	0901                	.insn	2, 0x0901
     120:	000c                	.insn	2, 0x000c
     122:	0301                	.insn	2, 0x0301
     124:	00000977          	.insn	4, 0x0977
     128:	0301                	.insn	2, 0x0301
     12a:	0975                	.insn	2, 0x0975
     12c:	0000                	.insn	2, 0x
     12e:	0301                	.insn	2, 0x0301
     130:	0902                	.insn	2, 0x0902
     132:	0000                	.insn	2, 0x
     134:	0501                	.insn	2, 0x0501
     136:	061d                	.insn	2, 0x061d
     138:	00090003          	lb	zero,0(s2)
     13c:	0100                	.insn	2, 0x0100
     13e:	0705                	.insn	2, 0x0705
     140:	04090203          	lb	tp,64(s2)
     144:	0100                	.insn	2, 0x0100
     146:	1d05                	.insn	2, 0x1d05
     148:	04097e03          	.insn	4, 0x04097e03
     14c:	0100                	.insn	2, 0x0100
     14e:	0705                	.insn	2, 0x0705
     150:	08090203          	lb	tp,128(s2)
     154:	0100                	.insn	2, 0x0100
     156:	0205                	.insn	2, 0x0205
     158:	0306                	.insn	2, 0x0306
     15a:	097f 0004 0501 0303 	.insn	10, 0x0901030305010004097f
     162:	0901 
     164:	0000                	.insn	2, 0x
     166:	0501                	.insn	2, 0x0501
     168:	00030607          	.insn	4, 0x00030607
     16c:	0009                	.insn	2, 0x0009
     16e:	0100                	.insn	2, 0x0100
     170:	0d05                	.insn	2, 0x0d05
     172:	0200                	.insn	2, 0x0200
     174:	0104                	.insn	2, 0x0104
     176:	0306                	.insn	2, 0x0306
     178:	0901                	.insn	2, 0x0901
     17a:	0004                	.insn	2, 0x0004
     17c:	0501                	.insn	2, 0x0501
     17e:	0302                	.insn	2, 0x0302
     180:	0901                	.insn	2, 0x0901
     182:	0004                	.insn	2, 0x0004
     184:	0301                	.insn	2, 0x0301
     186:	0000090f          	.insn	4, 0x090f
     18a:	0301                	.insn	2, 0x0301
     18c:	0000096b          	.insn	4, 0x096b
     190:	0301                	.insn	2, 0x0301
     192:	0902                	.insn	2, 0x0902
     194:	0000                	.insn	2, 0x
     196:	0501                	.insn	2, 0x0501
     198:	061d                	.insn	2, 0x061d
     19a:	00090003          	lb	zero,0(s2)
     19e:	0100                	.insn	2, 0x0100
     1a0:	0705                	.insn	2, 0x0705
     1a2:	08090203          	lb	tp,128(s2)
     1a6:	0100                	.insn	2, 0x0100
     1a8:	1d05                	.insn	2, 0x1d05
     1aa:	08097e03          	.insn	4, 0x08097e03
     1ae:	0100                	.insn	2, 0x0100
     1b0:	0205                	.insn	2, 0x0205
     1b2:	0306                	.insn	2, 0x0306
     1b4:	0901                	.insn	2, 0x0901
     1b6:	0004                	.insn	2, 0x0004
     1b8:	0501                	.insn	2, 0x0501
     1ba:	09010303          	lb	t1,144(sp)
     1be:	0000                	.insn	2, 0x
     1c0:	0501                	.insn	2, 0x0501
     1c2:	00030607          	.insn	4, 0x00030607
     1c6:	0009                	.insn	2, 0x0009
     1c8:	0100                	.insn	2, 0x0100
     1ca:	0d05                	.insn	2, 0x0d05
     1cc:	0200                	.insn	2, 0x0200
     1ce:	0104                	.insn	2, 0x0104
     1d0:	0306                	.insn	2, 0x0306
     1d2:	0901                	.insn	2, 0x0901
     1d4:	0004                	.insn	2, 0x0004
     1d6:	0501                	.insn	2, 0x0501
     1d8:	0302                	.insn	2, 0x0302
     1da:	0901                	.insn	2, 0x0901
     1dc:	0004                	.insn	2, 0x0004
     1de:	0301                	.insn	2, 0x0301
     1e0:	0910                	.insn	2, 0x0910
     1e2:	0000                	.insn	2, 0x
     1e4:	0501                	.insn	2, 0x0501
     1e6:	061d                	.insn	2, 0x061d
     1e8:	00096c03          	lwu	s8,0(s2)
     1ec:	0100                	.insn	2, 0x0100
     1ee:	0f05                	.insn	2, 0x0f05
     1f0:	04091403          	lh	s0,64(s2)
     1f4:	0100                	.insn	2, 0x0100
     1f6:	0205                	.insn	2, 0x0205
     1f8:	0306                	.insn	2, 0x0306
     1fa:	096a                	.insn	2, 0x096a
     1fc:	0004                	.insn	2, 0x0004
     1fe:	0301                	.insn	2, 0x0301
     200:	0902                	.insn	2, 0x0902
     202:	0000                	.insn	2, 0x
     204:	0501                	.insn	2, 0x0501
     206:	02030607          	.insn	4, 0x02030607
     20a:	0009                	.insn	2, 0x0009
     20c:	0100                	.insn	2, 0x0100
     20e:	1d05                	.insn	2, 0x1d05
     210:	08097e03          	.insn	4, 0x08097e03
     214:	0100                	.insn	2, 0x0100
     216:	0205                	.insn	2, 0x0205
     218:	0306                	.insn	2, 0x0306
     21a:	0901                	.insn	2, 0x0901
     21c:	0004                	.insn	2, 0x0004
     21e:	0501                	.insn	2, 0x0501
     220:	09010303          	lb	t1,144(sp)
     224:	0000                	.insn	2, 0x
     226:	0501                	.insn	2, 0x0501
     228:	00030607          	.insn	4, 0x00030607
     22c:	0009                	.insn	2, 0x0009
     22e:	0100                	.insn	2, 0x0100
     230:	0d05                	.insn	2, 0x0d05
     232:	0200                	.insn	2, 0x0200
     234:	0104                	.insn	2, 0x0104
     236:	0306                	.insn	2, 0x0306
     238:	0901                	.insn	2, 0x0901
     23a:	0004                	.insn	2, 0x0004
     23c:	0501                	.insn	2, 0x0501
     23e:	0302                	.insn	2, 0x0302
     240:	0901                	.insn	2, 0x0901
     242:	0004                	.insn	2, 0x0004
     244:	0301                	.insn	2, 0x0301
     246:	0911                	.insn	2, 0x0911
     248:	0000                	.insn	2, 0x
     24a:	0301                	.insn	2, 0x0301
     24c:	0969                	.insn	2, 0x0969
     24e:	0000                	.insn	2, 0x
     250:	0301                	.insn	2, 0x0301
     252:	0902                	.insn	2, 0x0902
     254:	0000                	.insn	2, 0x
     256:	0501                	.insn	2, 0x0501
     258:	061d                	.insn	2, 0x061d
     25a:	00090003          	lb	zero,0(s2)
     25e:	0100                	.insn	2, 0x0100
     260:	0705                	.insn	2, 0x0705
     262:	04090203          	lb	tp,64(s2)
     266:	0100                	.insn	2, 0x0100
     268:	1d05                	.insn	2, 0x1d05
     26a:	08097e03          	.insn	4, 0x08097e03
     26e:	0100                	.insn	2, 0x0100
     270:	0205                	.insn	2, 0x0205
     272:	0306                	.insn	2, 0x0306
     274:	0901                	.insn	2, 0x0901
     276:	0004                	.insn	2, 0x0004
     278:	0501                	.insn	2, 0x0501
     27a:	09010303          	lb	t1,144(sp)
     27e:	0000                	.insn	2, 0x
     280:	0501                	.insn	2, 0x0501
     282:	00030607          	.insn	4, 0x00030607
     286:	0009                	.insn	2, 0x0009
     288:	0100                	.insn	2, 0x0100
     28a:	0d05                	.insn	2, 0x0d05
     28c:	0200                	.insn	2, 0x0200
     28e:	0104                	.insn	2, 0x0104
     290:	0306                	.insn	2, 0x0306
     292:	0901                	.insn	2, 0x0901
     294:	0004                	.insn	2, 0x0004
     296:	0501                	.insn	2, 0x0501
     298:	0302                	.insn	2, 0x0302
     29a:	0901                	.insn	2, 0x0901
     29c:	0004                	.insn	2, 0x0004
     29e:	0301                	.insn	2, 0x0301
     2a0:	0912                	.insn	2, 0x0912
     2a2:	0000                	.insn	2, 0x
     2a4:	0301                	.insn	2, 0x0301
     2a6:	0968                	.insn	2, 0x0968
     2a8:	0000                	.insn	2, 0x
     2aa:	0301                	.insn	2, 0x0301
     2ac:	0902                	.insn	2, 0x0902
     2ae:	0000                	.insn	2, 0x
     2b0:	0501                	.insn	2, 0x0501
     2b2:	1603060f          	.insn	4, 0x1603060f
     2b6:	0009                	.insn	2, 0x0009
     2b8:	0100                	.insn	2, 0x0100
     2ba:	1d05                	.insn	2, 0x1d05
     2bc:	04096a03          	lwu	s4,64(s2)
     2c0:	0100                	.insn	2, 0x0100
     2c2:	0705                	.insn	2, 0x0705
     2c4:	08090203          	lb	tp,128(s2)
     2c8:	0100                	.insn	2, 0x0100
     2ca:	1d05                	.insn	2, 0x1d05
     2cc:	08097e03          	.insn	4, 0x08097e03
     2d0:	0100                	.insn	2, 0x0100
     2d2:	0205                	.insn	2, 0x0205
     2d4:	0306                	.insn	2, 0x0306
     2d6:	0901                	.insn	2, 0x0901
     2d8:	0004                	.insn	2, 0x0004
     2da:	0501                	.insn	2, 0x0501
     2dc:	09010303          	lb	t1,144(sp)
     2e0:	0000                	.insn	2, 0x
     2e2:	0501                	.insn	2, 0x0501
     2e4:	00030607          	.insn	4, 0x00030607
     2e8:	0009                	.insn	2, 0x0009
     2ea:	0100                	.insn	2, 0x0100
     2ec:	0d05                	.insn	2, 0x0d05
     2ee:	0200                	.insn	2, 0x0200
     2f0:	0104                	.insn	2, 0x0104
     2f2:	0306                	.insn	2, 0x0306
     2f4:	0901                	.insn	2, 0x0901
     2f6:	0004                	.insn	2, 0x0004
     2f8:	0501                	.insn	2, 0x0501
     2fa:	0302                	.insn	2, 0x0302
     2fc:	0901                	.insn	2, 0x0901
     2fe:	0004                	.insn	2, 0x0004
     300:	0301                	.insn	2, 0x0301
     302:	00000913          	li	s2,0
     306:	0301                	.insn	2, 0x0301
     308:	00000967          	jalr	s2,zero # 0 <_prog_start-0x10000>
     30c:	0301                	.insn	2, 0x0301
     30e:	0902                	.insn	2, 0x0902
     310:	0000                	.insn	2, 0x
     312:	0501                	.insn	2, 0x0501
     314:	061d                	.insn	2, 0x061d
     316:	00090003          	lb	zero,0(s2)
     31a:	0100                	.insn	2, 0x0100
     31c:	0705                	.insn	2, 0x0705
     31e:	08090203          	lb	tp,128(s2)
     322:	0100                	.insn	2, 0x0100
     324:	1d05                	.insn	2, 0x1d05
     326:	08097e03          	.insn	4, 0x08097e03
     32a:	0100                	.insn	2, 0x0100
     32c:	0205                	.insn	2, 0x0205
     32e:	0306                	.insn	2, 0x0306
     330:	0901                	.insn	2, 0x0901
     332:	0004                	.insn	2, 0x0004
     334:	0501                	.insn	2, 0x0501
     336:	09010303          	lb	t1,144(sp)
     33a:	0000                	.insn	2, 0x
     33c:	0501                	.insn	2, 0x0501
     33e:	00030607          	.insn	4, 0x00030607
     342:	0009                	.insn	2, 0x0009
     344:	0100                	.insn	2, 0x0100
     346:	0d05                	.insn	2, 0x0d05
     348:	0200                	.insn	2, 0x0200
     34a:	0104                	.insn	2, 0x0104
     34c:	0306                	.insn	2, 0x0306
     34e:	0901                	.insn	2, 0x0901
     350:	0004                	.insn	2, 0x0004
     352:	0501                	.insn	2, 0x0501
     354:	0302                	.insn	2, 0x0302
     356:	0901                	.insn	2, 0x0901
     358:	0004                	.insn	2, 0x0004
     35a:	0301                	.insn	2, 0x0301
     35c:	0914                	.insn	2, 0x0914
     35e:	0000                	.insn	2, 0x
     360:	0301                	.insn	2, 0x0301
     362:	0966                	.insn	2, 0x0966
     364:	0000                	.insn	2, 0x
     366:	0301                	.insn	2, 0x0301
     368:	0902                	.insn	2, 0x0902
     36a:	0000                	.insn	2, 0x
     36c:	0501                	.insn	2, 0x0501
     36e:	061d                	.insn	2, 0x061d
     370:	00090003          	lb	zero,0(s2)
     374:	0100                	.insn	2, 0x0100
     376:	0705                	.insn	2, 0x0705
     378:	08090203          	lb	tp,128(s2)
     37c:	0100                	.insn	2, 0x0100
     37e:	1d05                	.insn	2, 0x1d05
     380:	08097e03          	.insn	4, 0x08097e03
     384:	0100                	.insn	2, 0x0100
     386:	0205                	.insn	2, 0x0205
     388:	0306                	.insn	2, 0x0306
     38a:	0901                	.insn	2, 0x0901
     38c:	0004                	.insn	2, 0x0004
     38e:	0501                	.insn	2, 0x0501
     390:	09010303          	lb	t1,144(sp)
     394:	0000                	.insn	2, 0x
     396:	0501                	.insn	2, 0x0501
     398:	00030607          	.insn	4, 0x00030607
     39c:	0009                	.insn	2, 0x0009
     39e:	0100                	.insn	2, 0x0100
     3a0:	0d05                	.insn	2, 0x0d05
     3a2:	0200                	.insn	2, 0x0200
     3a4:	0104                	.insn	2, 0x0104
     3a6:	0306                	.insn	2, 0x0306
     3a8:	0901                	.insn	2, 0x0901
     3aa:	0004                	.insn	2, 0x0004
     3ac:	0501                	.insn	2, 0x0501
     3ae:	061d                	.insn	2, 0x061d
     3b0:	04097d03          	.insn	4, 0x04097d03
     3b4:	0100                	.insn	2, 0x0100
     3b6:	0705                	.insn	2, 0x0705
     3b8:	04090203          	lb	tp,64(s2)
     3bc:	0100                	.insn	2, 0x0100
     3be:	1d05                	.insn	2, 0x1d05
     3c0:	08097e03          	.insn	4, 0x08097e03
     3c4:	0100                	.insn	2, 0x0100
     3c6:	0705                	.insn	2, 0x0705
     3c8:	08090203          	lb	tp,128(s2)
     3cc:	0100                	.insn	2, 0x0100
     3ce:	0205                	.insn	2, 0x0205
     3d0:	0306                	.insn	2, 0x0306
     3d2:	0919                	.insn	2, 0x0919
     3d4:	0004                	.insn	2, 0x0004
     3d6:	0501                	.insn	2, 0x0501
     3d8:	09010303          	lb	t1,144(sp)
     3dc:	0000                	.insn	2, 0x
     3de:	0501                	.insn	2, 0x0501
     3e0:	0302                	.insn	2, 0x0302
     3e2:	096d                	.insn	2, 0x096d
     3e4:	0000                	.insn	2, 0x
     3e6:	0301                	.insn	2, 0x0301
     3e8:	0975                	.insn	2, 0x0975
     3ea:	0000                	.insn	2, 0x
     3ec:	0301                	.insn	2, 0x0301
     3ee:	0902                	.insn	2, 0x0902
     3f0:	0000                	.insn	2, 0x
     3f2:	0501                	.insn	2, 0x0501
     3f4:	061d                	.insn	2, 0x061d
     3f6:	00090003          	lb	zero,0(s2)
     3fa:	0100                	.insn	2, 0x0100
     3fc:	0205                	.insn	2, 0x0205
     3fe:	0306                	.insn	2, 0x0306
     400:	0901                	.insn	2, 0x0901
     402:	0004                	.insn	2, 0x0004
     404:	0501                	.insn	2, 0x0501
     406:	09010303          	lb	t1,144(sp)
     40a:	0000                	.insn	2, 0x
     40c:	0501                	.insn	2, 0x0501
     40e:	00030607          	.insn	4, 0x00030607
     412:	0009                	.insn	2, 0x0009
     414:	0100                	.insn	2, 0x0100
     416:	0d05                	.insn	2, 0x0d05
     418:	0200                	.insn	2, 0x0200
     41a:	0104                	.insn	2, 0x0104
     41c:	0306                	.insn	2, 0x0306
     41e:	0901                	.insn	2, 0x0901
     420:	0008                	.insn	2, 0x0008
     422:	0501                	.insn	2, 0x0501
     424:	0302                	.insn	2, 0x0302
     426:	0901                	.insn	2, 0x0901
     428:	0004                	.insn	2, 0x0004
     42a:	0501                	.insn	2, 0x0501
     42c:	09190303          	lb	t1,145(s2)
     430:	0000                	.insn	2, 0x
     432:	0501                	.insn	2, 0x0501
     434:	0606                	.insn	2, 0x0606
     436:	00090003          	lb	zero,0(s2)
     43a:	0100                	.insn	2, 0x0100
     43c:	0f05                	.insn	2, 0x0f05
     43e:	0306                	.insn	2, 0x0306
     440:	0904                	.insn	2, 0x0904
     442:	000c                	.insn	2, 0x000c
     444:	0501                	.insn	2, 0x0501
     446:	0302                	.insn	2, 0x0302
     448:	0901                	.insn	2, 0x0901
     44a:	0008                	.insn	2, 0x0008
     44c:	0301                	.insn	2, 0x0301
     44e:	0902                	.insn	2, 0x0902
     450:	000c                	.insn	2, 0x000c
     452:	0501                	.insn	2, 0x0501
     454:	0601                	.insn	2, 0x0601
     456:	00090103          	lb	sp,0(s2)
     45a:	0100                	.insn	2, 0x0100
     45c:	1409                	.insn	2, 0x1409
     45e:	0000                	.insn	2, 0x
     460:	0101                	.insn	2, 0x0101
     462:	0105                	.insn	2, 0x0105
     464:	0900                	.insn	2, 0x0900
     466:	ec02                	.insn	2, 0xec02
     468:	0101                	.insn	2, 0x0101
     46a:	0000                	.insn	2, 0x
     46c:	0000                	.insn	2, 0x
     46e:	0300                	.insn	2, 0x0300
     470:	01e4                	.insn	2, 0x01e4
     472:	0501                	.insn	2, 0x0501
     474:	0302                	.insn	2, 0x0302
     476:	0901                	.insn	2, 0x0901
     478:	0000                	.insn	2, 0x
     47a:	0501                	.insn	2, 0x0501
     47c:	0601                	.insn	2, 0x0601
     47e:	00097f03          	.insn	4, 0x00097f03
     482:	0100                	.insn	2, 0x0100
     484:	1f05                	.insn	2, 0x1f05
     486:	04090103          	lb	sp,64(s2)
     48a:	0100                	.insn	2, 0x0100
     48c:	0105                	.insn	2, 0x0105
     48e:	08097f03          	.insn	4, 0x08097f03
     492:	0100                	.insn	2, 0x0100
     494:	1f05                	.insn	2, 0x1f05
     496:	08090103          	lb	sp,128(s2)
     49a:	0100                	.insn	2, 0x0100
     49c:	0205                	.insn	2, 0x0205
     49e:	0306                	.insn	2, 0x0306
     4a0:	0902                	.insn	2, 0x0902
     4a2:	0004                	.insn	2, 0x0004
     4a4:	0301                	.insn	2, 0x0301
     4a6:	0901                	.insn	2, 0x0901
     4a8:	000c                	.insn	2, 0x000c
     4aa:	0301                	.insn	2, 0x0301
     4ac:	7ef1                	.insn	2, 0x7ef1
     4ae:	0009                	.insn	2, 0x0009
     4b0:	0100                	.insn	2, 0x0100
     4b2:	00090303          	lb	t1,0(s2)
     4b6:	0100                	.insn	2, 0x0100
     4b8:	1d05                	.insn	2, 0x1d05
     4ba:	0306                	.insn	2, 0x0306
     4bc:	0900                	.insn	2, 0x0900
     4be:	0000                	.insn	2, 0x
     4c0:	0501                	.insn	2, 0x0501
     4c2:	0602                	.insn	2, 0x0602
     4c4:	10090103          	lb	sp,256(s2)
     4c8:	0100                	.insn	2, 0x0100
     4ca:	1d05                	.insn	2, 0x1d05
     4cc:	0306                	.insn	2, 0x0306
     4ce:	0900                	.insn	2, 0x0900
     4d0:	0000                	.insn	2, 0x
     4d2:	0301                	.insn	2, 0x0301
     4d4:	094c                	.insn	2, 0x094c
     4d6:	0008                	.insn	2, 0x0008
     4d8:	0501                	.insn	2, 0x0501
     4da:	09020307          	.insn	4, 0x09020307
     4de:	0004                	.insn	2, 0x0004
     4e0:	0501                	.insn	2, 0x0501
     4e2:	031d                	.insn	2, 0x031d
     4e4:	0932                	.insn	2, 0x0932
     4e6:	0004                	.insn	2, 0x0004
     4e8:	0501                	.insn	2, 0x0501
     4ea:	0602                	.insn	2, 0x0602
     4ec:	04090103          	lb	sp,64(s2)
     4f0:	0100                	.insn	2, 0x0100
     4f2:	1105                	.insn	2, 0x1105
     4f4:	0200                	.insn	2, 0x0200
     4f6:	0104                	.insn	2, 0x0104
     4f8:	00090003          	lb	zero,0(s2)
     4fc:	0100                	.insn	2, 0x0100
     4fe:	1d05                	.insn	2, 0x1d05
     500:	0306                	.insn	2, 0x0306
     502:	0000094b          	.insn	4, 0x094b
     506:	0301                	.insn	2, 0x0301
     508:	0934                	.insn	2, 0x0934
     50a:	0004                	.insn	2, 0x0004
     50c:	0301                	.insn	2, 0x0301
     50e:	094c                	.insn	2, 0x094c
     510:	0004                	.insn	2, 0x0004
     512:	0501                	.insn	2, 0x0501
     514:	09020307          	.insn	4, 0x09020307
     518:	0004                	.insn	2, 0x0004
     51a:	0501                	.insn	2, 0x0501
     51c:	34030603          	lb	a2,832(t1)
     520:	0409                	.insn	2, 0x0409
     522:	0100                	.insn	2, 0x0100
     524:	0205                	.insn	2, 0x0205
     526:	00095303          	lhu	t1,0(s2)
     52a:	0100                	.insn	2, 0x0100
     52c:	00097503          	.insn	4, 0x00097503
     530:	0100                	.insn	2, 0x0100
     532:	00090203          	lb	tp,0(s2)
     536:	0100                	.insn	2, 0x0100
     538:	1d05                	.insn	2, 0x1d05
     53a:	0306                	.insn	2, 0x0306
     53c:	0900                	.insn	2, 0x0900
     53e:	0000                	.insn	2, 0x
     540:	0501                	.insn	2, 0x0501
     542:	0602                	.insn	2, 0x0602
     544:	04090103          	lb	sp,64(s2)
     548:	0100                	.insn	2, 0x0100
     54a:	0305                	.insn	2, 0x0305
     54c:	00090103          	lb	sp,0(s2)
     550:	0100                	.insn	2, 0x0100
     552:	0705                	.insn	2, 0x0705
     554:	0306                	.insn	2, 0x0306
     556:	0900                	.insn	2, 0x0900
     558:	0000                	.insn	2, 0x
     55a:	0501                	.insn	2, 0x0501
     55c:	000d                	.insn	2, 0x000d
     55e:	0402                	.insn	2, 0x0402
     560:	0601                	.insn	2, 0x0601
     562:	04090103          	lb	sp,64(s2)
     566:	0100                	.insn	2, 0x0100
     568:	0205                	.insn	2, 0x0205
     56a:	04090103          	lb	sp,64(s2)
     56e:	0100                	.insn	2, 0x0100
     570:	1705                	.insn	2, 0x1705
     572:	0200                	.insn	2, 0x0200
     574:	0304                	.insn	2, 0x0304
     576:	00093103          	ld	sp,0(s2)
     57a:	0100                	.insn	2, 0x0100
     57c:	1105                	.insn	2, 0x1105
     57e:	0200                	.insn	2, 0x0200
     580:	0104                	.insn	2, 0x0104
     582:	00090003          	lb	zero,0(s2)
     586:	0100                	.insn	2, 0x0100
     588:	0205                	.insn	2, 0x0205
     58a:	08090303          	lb	t1,128(s2)
     58e:	0100                	.insn	2, 0x0100
     590:	1d05                	.insn	2, 0x1d05
     592:	0306                	.insn	2, 0x0306
     594:	0900                	.insn	2, 0x0900
     596:	0000                	.insn	2, 0x
     598:	0501                	.insn	2, 0x0501
     59a:	0602                	.insn	2, 0x0602
     59c:	09018803          	lb	a6,144(gp)
     5a0:	0008                	.insn	2, 0x0008
     5a2:	0301                	.insn	2, 0x0301
     5a4:	7efd                	.insn	2, 0x7efd
     5a6:	0009                	.insn	2, 0x0009
     5a8:	0100                	.insn	2, 0x0100
     5aa:	00090103          	lb	sp,0(s2)
     5ae:	0100                	.insn	2, 0x0100
     5b0:	0c090103          	lb	sp,192(s2)
     5b4:	0100                	.insn	2, 0x0100
     5b6:	0805                	.insn	2, 0x0805
     5b8:	0306                	.insn	2, 0x0306
     5ba:	0900                	.insn	2, 0x0900
     5bc:	0000                	.insn	2, 0x
     5be:	0501                	.insn	2, 0x0501
     5c0:	031d                	.insn	2, 0x031d
     5c2:	0941                	.insn	2, 0x0941
     5c4:	0010                	.insn	2, 0x0010
     5c6:	0501                	.insn	2, 0x0501
     5c8:	09020307          	.insn	4, 0x09020307
     5cc:	0004                	.insn	2, 0x0004
     5ce:	0501                	.insn	2, 0x0501
     5d0:	0602                	.insn	2, 0x0602
     5d2:	04093e03          	ld	t3,64(s2)
     5d6:	0100                	.insn	2, 0x0100
     5d8:	00096903          	lwu	s2,0(s2)
     5dc:	0100                	.insn	2, 0x0100
     5de:	00096003          	lwu	zero,0(s2)
     5e2:	0100                	.insn	2, 0x0100
     5e4:	00097503          	.insn	4, 0x00097503
     5e8:	0100                	.insn	2, 0x0100
     5ea:	00090203          	lb	tp,0(s2)
     5ee:	0100                	.insn	2, 0x0100
     5f0:	1d05                	.insn	2, 0x1d05
     5f2:	0306                	.insn	2, 0x0306
     5f4:	0900                	.insn	2, 0x0900
     5f6:	0000                	.insn	2, 0x
     5f8:	0501                	.insn	2, 0x0501
     5fa:	09020307          	.insn	4, 0x09020307
     5fe:	0008                	.insn	2, 0x0008
     600:	0501                	.insn	2, 0x0501
     602:	0602                	.insn	2, 0x0602
     604:	04097f03          	.insn	4, 0x04097f03
     608:	0100                	.insn	2, 0x0100
     60a:	0305                	.insn	2, 0x0305
     60c:	00090103          	lb	sp,0(s2)
     610:	0100                	.insn	2, 0x0100
     612:	0705                	.insn	2, 0x0705
     614:	0306                	.insn	2, 0x0306
     616:	0900                	.insn	2, 0x0900
     618:	0000                	.insn	2, 0x
     61a:	0501                	.insn	2, 0x0501
     61c:	000d                	.insn	2, 0x000d
     61e:	0402                	.insn	2, 0x0402
     620:	0601                	.insn	2, 0x0601
     622:	04090103          	lb	sp,64(s2)
     626:	0100                	.insn	2, 0x0100
     628:	0205                	.insn	2, 0x0205
     62a:	04090103          	lb	sp,64(s2)
     62e:	0100                	.insn	2, 0x0100
     630:	00092603          	lw	a2,0(s2)
     634:	0100                	.insn	2, 0x0100
     636:	1d05                	.insn	2, 0x1d05
     638:	0306                	.insn	2, 0x0306
     63a:	0900                	.insn	2, 0x0900
     63c:	0000                	.insn	2, 0x
     63e:	0501                	.insn	2, 0x0501
     640:	0005                	.insn	2, 0x0005
     642:	0402                	.insn	2, 0x0402
     644:	0301                	.insn	2, 0x0301
     646:	0196                	.insn	2, 0x0196
     648:	0409                	.insn	2, 0x0409
     64a:	0100                	.insn	2, 0x0100
     64c:	1d05                	.insn	2, 0x1d05
     64e:	097eea03          	lwu	s4,151(t4)
     652:	0004                	.insn	2, 0x0004
     654:	0501                	.insn	2, 0x0501
     656:	0602                	.insn	2, 0x0602
     658:	04091703          	lh	a4,64(s2)
     65c:	0100                	.insn	2, 0x0100
     65e:	0505                	.insn	2, 0x0505
     660:	0200                	.insn	2, 0x0200
     662:	0104                	.insn	2, 0x0104
     664:	0306                	.insn	2, 0x0306
     666:	00ff 0009 0100 0205 	.insn	10, 0x030602050100000900ff
     66e:	0306 
     670:	7f86                	.insn	2, 0x7f86
     672:	0409                	.insn	2, 0x0409
     674:	0100                	.insn	2, 0x0100
     676:	00090103          	lb	sp,0(s2)
     67a:	0100                	.insn	2, 0x0100
     67c:	10090103          	lb	sp,256(s2)
     680:	0100                	.insn	2, 0x0100
     682:	0805                	.insn	2, 0x0805
     684:	0306                	.insn	2, 0x0306
     686:	0900                	.insn	2, 0x0900
     688:	0000                	.insn	2, 0x
     68a:	0501                	.insn	2, 0x0501
     68c:	04020027          	.insn	4, 0x04020027
     690:	0301                	.insn	2, 0x0301
     692:	0900                	.insn	2, 0x0900
     694:	0010                	.insn	2, 0x0010
     696:	0501                	.insn	2, 0x0501
     698:	031d                	.insn	2, 0x031d
     69a:	7fb8                	.insn	2, 0x7fb8
     69c:	0809                	.insn	2, 0x0809
     69e:	0100                	.insn	2, 0x0100
     6a0:	0705                	.insn	2, 0x0705
     6a2:	04090203          	lb	tp,64(s2)
     6a6:	0100                	.insn	2, 0x0100
     6a8:	2705                	.insn	2, 0x2705
     6aa:	0200                	.insn	2, 0x0200
     6ac:	0104                	.insn	2, 0x0104
     6ae:	0900c603          	lbu	a2,144(ra)
     6b2:	0004                	.insn	2, 0x0004
     6b4:	0501                	.insn	2, 0x0501
     6b6:	0602                	.insn	2, 0x0602
     6b8:	04090103          	lb	sp,64(s2)
     6bc:	0100                	.insn	2, 0x0100
     6be:	00094003          	lbu	zero,0(s2)
     6c2:	0100                	.insn	2, 0x0100
     6c4:	00097503          	.insn	4, 0x00097503
     6c8:	0100                	.insn	2, 0x0100
     6ca:	00090203          	lb	tp,0(s2)
     6ce:	0100                	.insn	2, 0x0100
     6d0:	1d05                	.insn	2, 0x1d05
     6d2:	0306                	.insn	2, 0x0306
     6d4:	0900                	.insn	2, 0x0900
     6d6:	0000                	.insn	2, 0x
     6d8:	0501                	.insn	2, 0x0501
     6da:	09020307          	.insn	4, 0x09020307
     6de:	0008                	.insn	2, 0x0008
     6e0:	0501                	.insn	2, 0x0501
     6e2:	0602                	.insn	2, 0x0602
     6e4:	04097f03          	.insn	4, 0x04097f03
     6e8:	0100                	.insn	2, 0x0100
     6ea:	0305                	.insn	2, 0x0305
     6ec:	00090103          	lb	sp,0(s2)
     6f0:	0100                	.insn	2, 0x0100
     6f2:	0705                	.insn	2, 0x0705
     6f4:	0306                	.insn	2, 0x0306
     6f6:	0900                	.insn	2, 0x0900
     6f8:	0000                	.insn	2, 0x
     6fa:	0501                	.insn	2, 0x0501
     6fc:	000d                	.insn	2, 0x000d
     6fe:	0402                	.insn	2, 0x0402
     700:	0601                	.insn	2, 0x0601
     702:	04090103          	lb	sp,64(s2)
     706:	0100                	.insn	2, 0x0100
     708:	0205                	.insn	2, 0x0205
     70a:	04090103          	lb	sp,64(s2)
     70e:	0100                	.insn	2, 0x0100
     710:	0900c603          	lbu	a2,144(ra)
     714:	0000                	.insn	2, 0x
     716:	0301                	.insn	2, 0x0301
     718:	00097fbf 75030100 	.insn	8, 0x7503010000097fbf
     720:	0009                	.insn	2, 0x0009
     722:	0100                	.insn	2, 0x0100
     724:	00090203          	lb	tp,0(s2)
     728:	0100                	.insn	2, 0x0100
     72a:	1d05                	.insn	2, 0x1d05
     72c:	0306                	.insn	2, 0x0306
     72e:	0900                	.insn	2, 0x0900
     730:	0000                	.insn	2, 0x
     732:	0501                	.insn	2, 0x0501
     734:	09020307          	.insn	4, 0x09020307
     738:	0004                	.insn	2, 0x0004
     73a:	0501                	.insn	2, 0x0501
     73c:	031d                	.insn	2, 0x031d
     73e:	097e                	.insn	2, 0x097e
     740:	0004                	.insn	2, 0x0004
     742:	0501                	.insn	2, 0x0501
     744:	09020307          	.insn	4, 0x09020307
     748:	0008                	.insn	2, 0x0008
     74a:	0501                	.insn	2, 0x0501
     74c:	0602                	.insn	2, 0x0602
     74e:	04097f03          	.insn	4, 0x04097f03
     752:	0100                	.insn	2, 0x0100
     754:	0305                	.insn	2, 0x0305
     756:	00090103          	lb	sp,0(s2)
     75a:	0100                	.insn	2, 0x0100
     75c:	0705                	.insn	2, 0x0705
     75e:	0306                	.insn	2, 0x0306
     760:	0900                	.insn	2, 0x0900
     762:	0000                	.insn	2, 0x
     764:	0501                	.insn	2, 0x0501
     766:	000d                	.insn	2, 0x000d
     768:	0402                	.insn	2, 0x0402
     76a:	0601                	.insn	2, 0x0601
     76c:	04090103          	lb	sp,64(s2)
     770:	0100                	.insn	2, 0x0100
     772:	0205                	.insn	2, 0x0205
     774:	04090103          	lb	sp,64(s2)
     778:	0100                	.insn	2, 0x0100
     77a:	0900c703          	lbu	a4,144(ra)
     77e:	0000                	.insn	2, 0x
     780:	0301                	.insn	2, 0x0301
     782:	7fbe                	.insn	2, 0x7fbe
     784:	0009                	.insn	2, 0x0009
     786:	0100                	.insn	2, 0x0100
     788:	00097503          	.insn	4, 0x00097503
     78c:	0100                	.insn	2, 0x0100
     78e:	00090203          	lb	tp,0(s2)
     792:	0100                	.insn	2, 0x0100
     794:	1d05                	.insn	2, 0x1d05
     796:	0306                	.insn	2, 0x0306
     798:	0900                	.insn	2, 0x0900
     79a:	0000                	.insn	2, 0x
     79c:	0501                	.insn	2, 0x0501
     79e:	09020307          	.insn	4, 0x09020307
     7a2:	0004                	.insn	2, 0x0004
     7a4:	0501                	.insn	2, 0x0501
     7a6:	031d                	.insn	2, 0x031d
     7a8:	097e                	.insn	2, 0x097e
     7aa:	0004                	.insn	2, 0x0004
     7ac:	0501                	.insn	2, 0x0501
     7ae:	09020307          	.insn	4, 0x09020307
     7b2:	0008                	.insn	2, 0x0008
     7b4:	0501                	.insn	2, 0x0501
     7b6:	0602                	.insn	2, 0x0602
     7b8:	04097f03          	.insn	4, 0x04097f03
     7bc:	0100                	.insn	2, 0x0100
     7be:	0305                	.insn	2, 0x0305
     7c0:	00090103          	lb	sp,0(s2)
     7c4:	0100                	.insn	2, 0x0100
     7c6:	0705                	.insn	2, 0x0705
     7c8:	0306                	.insn	2, 0x0306
     7ca:	0900                	.insn	2, 0x0900
     7cc:	0000                	.insn	2, 0x
     7ce:	0501                	.insn	2, 0x0501
     7d0:	000d                	.insn	2, 0x000d
     7d2:	0402                	.insn	2, 0x0402
     7d4:	0601                	.insn	2, 0x0601
     7d6:	08090103          	lb	sp,128(s2)
     7da:	0100                	.insn	2, 0x0100
     7dc:	0205                	.insn	2, 0x0205
     7de:	04090103          	lb	sp,64(s2)
     7e2:	0100                	.insn	2, 0x0100
     7e4:	1c05                	.insn	2, 0x1c05
     7e6:	0200                	.insn	2, 0x0200
     7e8:	0104                	.insn	2, 0x0104
     7ea:	0306                	.insn	2, 0x0306
     7ec:	000900c7          	.insn	4, 0x000900c7
     7f0:	0100                	.insn	2, 0x0100
     7f2:	1d05                	.insn	2, 0x1d05
     7f4:	097fb503          	ld	a0,151(t6)
     7f8:	0008                	.insn	2, 0x0008
     7fa:	0501                	.insn	2, 0x0501
     7fc:	09020307          	.insn	4, 0x09020307
     800:	0004                	.insn	2, 0x0004
     802:	0501                	.insn	2, 0x0501
     804:	001c                	.insn	2, 0x001c
     806:	0402                	.insn	2, 0x0402
     808:	0301                	.insn	2, 0x0301
     80a:	00c9                	.insn	2, 0x00c9
     80c:	0409                	.insn	2, 0x0409
     80e:	0100                	.insn	2, 0x0100
     810:	0205                	.insn	2, 0x0205
     812:	0306                	.insn	2, 0x0306
     814:	0901                	.insn	2, 0x0901
     816:	0004                	.insn	2, 0x0004
     818:	0301                	.insn	2, 0x0301
     81a:	7fbd                	.insn	2, 0x7fbd
     81c:	0009                	.insn	2, 0x0009
     81e:	0100                	.insn	2, 0x0100
     820:	00097503          	.insn	4, 0x00097503
     824:	0100                	.insn	2, 0x0100
     826:	00090203          	lb	tp,0(s2)
     82a:	0100                	.insn	2, 0x0100
     82c:	1d05                	.insn	2, 0x1d05
     82e:	0306                	.insn	2, 0x0306
     830:	0900                	.insn	2, 0x0900
     832:	0000                	.insn	2, 0x
     834:	0501                	.insn	2, 0x0501
     836:	09020307          	.insn	4, 0x09020307
     83a:	0008                	.insn	2, 0x0008
     83c:	0501                	.insn	2, 0x0501
     83e:	0602                	.insn	2, 0x0602
     840:	04097f03          	.insn	4, 0x04097f03
     844:	0100                	.insn	2, 0x0100
     846:	0305                	.insn	2, 0x0305
     848:	00090103          	lb	sp,0(s2)
     84c:	0100                	.insn	2, 0x0100
     84e:	0705                	.insn	2, 0x0705
     850:	0306                	.insn	2, 0x0306
     852:	0900                	.insn	2, 0x0900
     854:	0000                	.insn	2, 0x
     856:	0501                	.insn	2, 0x0501
     858:	000d                	.insn	2, 0x000d
     85a:	0402                	.insn	2, 0x0402
     85c:	0601                	.insn	2, 0x0601
     85e:	08090103          	lb	sp,128(s2)
     862:	0100                	.insn	2, 0x0100
     864:	0205                	.insn	2, 0x0205
     866:	04090103          	lb	sp,64(s2)
     86a:	0100                	.insn	2, 0x0100
     86c:	1405                	.insn	2, 0x1405
     86e:	0200                	.insn	2, 0x0200
     870:	0104                	.insn	2, 0x0104
     872:	0306                	.insn	2, 0x0306
     874:	00c8                	.insn	2, 0x00c8
     876:	0009                	.insn	2, 0x0009
     878:	0100                	.insn	2, 0x0100
     87a:	1d05                	.insn	2, 0x1d05
     87c:	097fb403          	ld	s0,151(t6)
     880:	0014                	.insn	2, 0x0014
     882:	0501                	.insn	2, 0x0501
     884:	09020307          	.insn	4, 0x09020307
     888:	0004                	.insn	2, 0x0004
     88a:	0501                	.insn	2, 0x0501
     88c:	031d                	.insn	2, 0x031d
     88e:	097e                	.insn	2, 0x097e
     890:	0004                	.insn	2, 0x0004
     892:	0501                	.insn	2, 0x0501
     894:	0602                	.insn	2, 0x0602
     896:	0900cd03          	lbu	s10,144(ra)
     89a:	0008                	.insn	2, 0x0008
     89c:	0301                	.insn	2, 0x0301
     89e:	095c                	.insn	2, 0x095c
     8a0:	0000                	.insn	2, 0x
     8a2:	0301                	.insn	2, 0x0301
     8a4:	0960                	.insn	2, 0x0960
     8a6:	0000                	.insn	2, 0x
     8a8:	0301                	.insn	2, 0x0301
     8aa:	0975                	.insn	2, 0x0975
     8ac:	0000                	.insn	2, 0x
     8ae:	0301                	.insn	2, 0x0301
     8b0:	0902                	.insn	2, 0x0902
     8b2:	0000                	.insn	2, 0x
     8b4:	0501                	.insn	2, 0x0501
     8b6:	061d                	.insn	2, 0x061d
     8b8:	00090003          	lb	zero,0(s2)
     8bc:	0100                	.insn	2, 0x0100
     8be:	0705                	.insn	2, 0x0705
     8c0:	04090203          	lb	tp,64(s2)
     8c4:	0100                	.insn	2, 0x0100
     8c6:	0205                	.insn	2, 0x0205
     8c8:	0306                	.insn	2, 0x0306
     8ca:	097f 0004 0501 0303 	.insn	10, 0x0901030305010004097f
     8d2:	0901 
     8d4:	0000                	.insn	2, 0x
     8d6:	0501                	.insn	2, 0x0501
     8d8:	00030607          	.insn	4, 0x00030607
     8dc:	0009                	.insn	2, 0x0009
     8de:	0100                	.insn	2, 0x0100
     8e0:	0d05                	.insn	2, 0x0d05
     8e2:	0200                	.insn	2, 0x0200
     8e4:	0104                	.insn	2, 0x0104
     8e6:	0306                	.insn	2, 0x0306
     8e8:	0901                	.insn	2, 0x0901
     8ea:	0004                	.insn	2, 0x0004
     8ec:	0501                	.insn	2, 0x0501
     8ee:	0302                	.insn	2, 0x0302
     8f0:	0901                	.insn	2, 0x0901
     8f2:	0004                	.insn	2, 0x0004
     8f4:	0301                	.insn	2, 0x0301
     8f6:	0926                	.insn	2, 0x0926
     8f8:	0000                	.insn	2, 0x
     8fa:	0501                	.insn	2, 0x0501
     8fc:	061d                	.insn	2, 0x061d
     8fe:	00090003          	lb	zero,0(s2)
     902:	0100                	.insn	2, 0x0100
     904:	0205                	.insn	2, 0x0205
     906:	0306                	.insn	2, 0x0306
     908:	0924                	.insn	2, 0x0924
     90a:	0008                	.insn	2, 0x0008
     90c:	0501                	.insn	2, 0x0501
     90e:	061d                	.insn	2, 0x061d
     910:	00095c03          	lhu	s8,0(s2)
     914:	0100                	.insn	2, 0x0100
     916:	1005                	.insn	2, 0x1005
     918:	0200                	.insn	2, 0x0200
     91a:	0104                	.insn	2, 0x0104
     91c:	09019603          	lh	a2,144(gp)
     920:	0004                	.insn	2, 0x0004
     922:	0501                	.insn	2, 0x0501
     924:	06030603          	lb	a2,96(t1)
     928:	0809                	.insn	2, 0x0809
     92a:	0100                	.insn	2, 0x0100
     92c:	0c090103          	lb	sp,192(s2)
     930:	0100                	.insn	2, 0x0100
     932:	0a05                	.insn	2, 0x0a05
     934:	0306                	.insn	2, 0x0306
     936:	0900                	.insn	2, 0x0900
     938:	0000                	.insn	2, 0x
     93a:	0501                	.insn	2, 0x0501
     93c:	0301                	.insn	2, 0x0301
     93e:	0908                	.insn	2, 0x0908
     940:	0004                	.insn	2, 0x0004
     942:	0501                	.insn	2, 0x0501
     944:	0302                	.insn	2, 0x0302
     946:	18097f8b          	.insn	4, 0x18097f8b
     94a:	0100                	.insn	2, 0x0100
     94c:	1d05                	.insn	2, 0x1d05
     94e:	097fa603          	lw	a2,151(t6)
     952:	0008                	.insn	2, 0x0008
     954:	0501                	.insn	2, 0x0501
     956:	09020307          	.insn	4, 0x09020307
     95a:	0004                	.insn	2, 0x0004
     95c:	0501                	.insn	2, 0x0501
     95e:	0602                	.insn	2, 0x0602
     960:	0900d703          	lhu	a4,144(ra)
     964:	000c                	.insn	2, 0x000c
     966:	0301                	.insn	2, 0x0301
     968:	0901                	.insn	2, 0x0901
     96a:	0000                	.insn	2, 0x
     96c:	0501                	.insn	2, 0x0501
     96e:	061d                	.insn	2, 0x061d
     970:	097fa603          	lw	a2,151(t6)
     974:	0000                	.insn	2, 0x
     976:	0501                	.insn	2, 0x0501
     978:	0302                	.insn	2, 0x0302
     97a:	00da                	.insn	2, 0x00da
     97c:	0409                	.insn	2, 0x0409
     97e:	0100                	.insn	2, 0x0100
     980:	1d05                	.insn	2, 0x1d05
     982:	097fa603          	lw	a2,151(t6)
     986:	0004                	.insn	2, 0x0004
     988:	0501                	.insn	2, 0x0501
     98a:	09020307          	.insn	4, 0x09020307
     98e:	0004                	.insn	2, 0x0004
     990:	0501                	.insn	2, 0x0501
     992:	000d                	.insn	2, 0x000d
     994:	0402                	.insn	2, 0x0402
     996:	0301                	.insn	2, 0x0301
     998:	00dc                	.insn	2, 0x00dc
     99a:	0409                	.insn	2, 0x0409
     99c:	0100                	.insn	2, 0x0100
     99e:	0205                	.insn	2, 0x0205
     9a0:	0306                	.insn	2, 0x0306
     9a2:	097d                	.insn	2, 0x097d
     9a4:	0004                	.insn	2, 0x0004
     9a6:	0501                	.insn	2, 0x0501
     9a8:	09010303          	lb	t1,144(sp)
     9ac:	0000                	.insn	2, 0x
     9ae:	0501                	.insn	2, 0x0501
     9b0:	0302                	.insn	2, 0x0302
     9b2:	00000977          	.insn	4, 0x0977
     9b6:	0301                	.insn	2, 0x0301
     9b8:	0901                	.insn	2, 0x0901
     9ba:	0010                	.insn	2, 0x0010
     9bc:	0301                	.insn	2, 0x0301
     9be:	0955                	.insn	2, 0x0955
     9c0:	0000                	.insn	2, 0x
     9c2:	0301                	.insn	2, 0x0301
     9c4:	0960                	.insn	2, 0x0960
     9c6:	0000                	.insn	2, 0x
     9c8:	0301                	.insn	2, 0x0301
     9ca:	0975                	.insn	2, 0x0975
     9cc:	0000                	.insn	2, 0x
     9ce:	0301                	.insn	2, 0x0301
     9d0:	0902                	.insn	2, 0x0902
     9d2:	0000                	.insn	2, 0x
     9d4:	0501                	.insn	2, 0x0501
     9d6:	061d                	.insn	2, 0x061d
     9d8:	00090003          	lb	zero,0(s2)
     9dc:	0100                	.insn	2, 0x0100
     9de:	0205                	.insn	2, 0x0205
     9e0:	0306                	.insn	2, 0x0306
     9e2:	0901                	.insn	2, 0x0901
     9e4:	0004                	.insn	2, 0x0004
     9e6:	0501                	.insn	2, 0x0501
     9e8:	09010303          	lb	t1,144(sp)
     9ec:	0000                	.insn	2, 0x
     9ee:	0501                	.insn	2, 0x0501
     9f0:	00030607          	.insn	4, 0x00030607
     9f4:	0009                	.insn	2, 0x0009
     9f6:	0100                	.insn	2, 0x0100
     9f8:	0d05                	.insn	2, 0x0d05
     9fa:	0200                	.insn	2, 0x0200
     9fc:	0104                	.insn	2, 0x0104
     9fe:	0306                	.insn	2, 0x0306
     a00:	0901                	.insn	2, 0x0901
     a02:	0004                	.insn	2, 0x0004
     a04:	0501                	.insn	2, 0x0501
     a06:	0302                	.insn	2, 0x0302
     a08:	0901                	.insn	2, 0x0901
     a0a:	0004                	.insn	2, 0x0004
     a0c:	0301                	.insn	2, 0x0301
     a0e:	0926                	.insn	2, 0x0926
     a10:	0000                	.insn	2, 0x
     a12:	0501                	.insn	2, 0x0501
     a14:	061d                	.insn	2, 0x061d
     a16:	00090003          	lb	zero,0(s2)
     a1a:	0100                	.insn	2, 0x0100
     a1c:	0305                	.insn	2, 0x0305
     a1e:	0306                	.insn	2, 0x0306
     a20:	00040933          	add	s2,s0,zero
     a24:	0501                	.insn	2, 0x0501
     a26:	00030607          	.insn	4, 0x00030607
     a2a:	0009                	.insn	2, 0x0009
     a2c:	0100                	.insn	2, 0x0100
     a2e:	0d05                	.insn	2, 0x0d05
     a30:	0200                	.insn	2, 0x0200
     a32:	0104                	.insn	2, 0x0104
     a34:	0306                	.insn	2, 0x0306
     a36:	0901                	.insn	2, 0x0901
     a38:	0010                	.insn	2, 0x0010
     a3a:	0501                	.insn	2, 0x0501
     a3c:	0302                	.insn	2, 0x0302
     a3e:	0901                	.insn	2, 0x0901
     a40:	0004                	.insn	2, 0x0004
     a42:	0501                	.insn	2, 0x0501
     a44:	0610                	.insn	2, 0x0610
     a46:	0900e203          	lwu	tp,144(ra)
     a4a:	0000                	.insn	2, 0x
     a4c:	0501                	.insn	2, 0x0501
     a4e:	0602                	.insn	2, 0x0602
     a50:	097fa303          	lw	t1,151(t6)
     a54:	0018                	.insn	2, 0x0018
     a56:	0301                	.insn	2, 0x0301
     a58:	0901                	.insn	2, 0x0901
     a5a:	0000                	.insn	2, 0x
     a5c:	0301                	.insn	2, 0x0301
     a5e:	0901                	.insn	2, 0x0901
     a60:	000c                	.insn	2, 0x000c
     a62:	0501                	.insn	2, 0x0501
     a64:	0608                	.insn	2, 0x0608
     a66:	00090003          	lb	zero,0(s2)
     a6a:	0100                	.insn	2, 0x0100
     a6c:	1d05                	.insn	2, 0x1d05
     a6e:	097f9a03          	lh	s4,151(t6)
     a72:	0010                	.insn	2, 0x0010
     a74:	0501                	.insn	2, 0x0501
     a76:	09020307          	.insn	4, 0x09020307
     a7a:	0004                	.insn	2, 0x0004
     a7c:	0501                	.insn	2, 0x0501
     a7e:	031d                	.insn	2, 0x031d
     a80:	097e                	.insn	2, 0x097e
     a82:	0004                	.insn	2, 0x0004
     a84:	0501                	.insn	2, 0x0501
     a86:	001e                	.insn	2, 0x001e
     a88:	0402                	.insn	2, 0x0402
     a8a:	0301                	.insn	2, 0x0301
     a8c:	00e6                	.insn	2, 0x00e6
     a8e:	0409                	.insn	2, 0x0409
     a90:	0100                	.insn	2, 0x0100
     a92:	0205                	.insn	2, 0x0205
     a94:	0306                	.insn	2, 0x0306
     a96:	0901                	.insn	2, 0x0901
     a98:	0004                	.insn	2, 0x0004
     a9a:	0301                	.insn	2, 0x0301
     a9c:	7fa2                	.insn	2, 0x7fa2
     a9e:	0009                	.insn	2, 0x0009
     aa0:	0100                	.insn	2, 0x0100
     aa2:	00097503          	.insn	4, 0x00097503
     aa6:	0100                	.insn	2, 0x0100
     aa8:	00090203          	lb	tp,0(s2)
     aac:	0100                	.insn	2, 0x0100
     aae:	1d05                	.insn	2, 0x1d05
     ab0:	0306                	.insn	2, 0x0306
     ab2:	0900                	.insn	2, 0x0900
     ab4:	0000                	.insn	2, 0x
     ab6:	0501                	.insn	2, 0x0501
     ab8:	09020307          	.insn	4, 0x09020307
     abc:	0004                	.insn	2, 0x0004
     abe:	0501                	.insn	2, 0x0501
     ac0:	0602                	.insn	2, 0x0602
     ac2:	04097f03          	.insn	4, 0x04097f03
     ac6:	0100                	.insn	2, 0x0100
     ac8:	0305                	.insn	2, 0x0305
     aca:	00090103          	lb	sp,0(s2)
     ace:	0100                	.insn	2, 0x0100
     ad0:	0705                	.insn	2, 0x0705
     ad2:	0306                	.insn	2, 0x0306
     ad4:	0900                	.insn	2, 0x0900
     ad6:	0000                	.insn	2, 0x
     ad8:	0501                	.insn	2, 0x0501
     ada:	000d                	.insn	2, 0x000d
     adc:	0402                	.insn	2, 0x0402
     ade:	0601                	.insn	2, 0x0601
     ae0:	08090103          	lb	sp,128(s2)
     ae4:	0100                	.insn	2, 0x0100
     ae6:	0205                	.insn	2, 0x0205
     ae8:	04090103          	lb	sp,64(s2)
     aec:	0100                	.insn	2, 0x0100
     aee:	1d05                	.insn	2, 0x1d05
     af0:	0200                	.insn	2, 0x0200
     af2:	0104                	.insn	2, 0x0104
     af4:	0306                	.insn	2, 0x0306
     af6:	000900e3          	beqz	s2,12f6 <_prog_start-0xed0a>
     afa:	0100                	.insn	2, 0x0100
     afc:	097f9903          	lh	s2,151(t6)
     b00:	000c                	.insn	2, 0x000c
     b02:	0501                	.insn	2, 0x0501
     b04:	09020307          	.insn	4, 0x09020307
     b08:	0004                	.insn	2, 0x0004
     b0a:	0501                	.insn	2, 0x0501
     b0c:	0602                	.insn	2, 0x0602
     b0e:	0900e603          	lwu	a2,144(ra)
     b12:	0008                	.insn	2, 0x0008
     b14:	0301                	.insn	2, 0x0301
     b16:	7fa1                	.insn	2, 0x7fa1
     b18:	0009                	.insn	2, 0x0009
     b1a:	0100                	.insn	2, 0x0100
     b1c:	00097503          	.insn	4, 0x00097503
     b20:	0100                	.insn	2, 0x0100
     b22:	00090203          	lb	tp,0(s2)
     b26:	0100                	.insn	2, 0x0100
     b28:	1d05                	.insn	2, 0x1d05
     b2a:	0306                	.insn	2, 0x0306
     b2c:	0900                	.insn	2, 0x0900
     b2e:	0000                	.insn	2, 0x
     b30:	0501                	.insn	2, 0x0501
     b32:	09020307          	.insn	4, 0x09020307
     b36:	0008                	.insn	2, 0x0008
     b38:	0501                	.insn	2, 0x0501
     b3a:	0602                	.insn	2, 0x0602
     b3c:	04097f03          	.insn	4, 0x04097f03
     b40:	0100                	.insn	2, 0x0100
     b42:	0305                	.insn	2, 0x0305
     b44:	00090103          	lb	sp,0(s2)
     b48:	0100                	.insn	2, 0x0100
     b4a:	0705                	.insn	2, 0x0705
     b4c:	0306                	.insn	2, 0x0306
     b4e:	0900                	.insn	2, 0x0900
     b50:	0000                	.insn	2, 0x
     b52:	0501                	.insn	2, 0x0501
     b54:	000d                	.insn	2, 0x000d
     b56:	0402                	.insn	2, 0x0402
     b58:	0601                	.insn	2, 0x0601
     b5a:	04090103          	lb	sp,64(s2)
     b5e:	0100                	.insn	2, 0x0100
     b60:	0205                	.insn	2, 0x0205
     b62:	04090103          	lb	sp,64(s2)
     b66:	0100                	.insn	2, 0x0100
     b68:	0900e503          	lwu	a0,144(ra)
     b6c:	0000                	.insn	2, 0x
     b6e:	0301                	.insn	2, 0x0301
     b70:	7fa0                	.insn	2, 0x7fa0
     b72:	0009                	.insn	2, 0x0009
     b74:	0100                	.insn	2, 0x0100
     b76:	00097503          	.insn	4, 0x00097503
     b7a:	0100                	.insn	2, 0x0100
     b7c:	00090203          	lb	tp,0(s2)
     b80:	0100                	.insn	2, 0x0100
     b82:	1d05                	.insn	2, 0x1d05
     b84:	0306                	.insn	2, 0x0306
     b86:	0900                	.insn	2, 0x0900
     b88:	0000                	.insn	2, 0x
     b8a:	0501                	.insn	2, 0x0501
     b8c:	09020307          	.insn	4, 0x09020307
     b90:	0004                	.insn	2, 0x0004
     b92:	0501                	.insn	2, 0x0501
     b94:	031d                	.insn	2, 0x031d
     b96:	097e                	.insn	2, 0x097e
     b98:	0004                	.insn	2, 0x0004
     b9a:	0501                	.insn	2, 0x0501
     b9c:	09020307          	.insn	4, 0x09020307
     ba0:	0008                	.insn	2, 0x0008
     ba2:	0501                	.insn	2, 0x0501
     ba4:	0602                	.insn	2, 0x0602
     ba6:	04097f03          	.insn	4, 0x04097f03
     baa:	0100                	.insn	2, 0x0100
     bac:	0305                	.insn	2, 0x0305
     bae:	00090103          	lb	sp,0(s2)
     bb2:	0100                	.insn	2, 0x0100
     bb4:	0705                	.insn	2, 0x0705
     bb6:	0306                	.insn	2, 0x0306
     bb8:	0900                	.insn	2, 0x0900
     bba:	0000                	.insn	2, 0x
     bbc:	0501                	.insn	2, 0x0501
     bbe:	000d                	.insn	2, 0x000d
     bc0:	0402                	.insn	2, 0x0402
     bc2:	0601                	.insn	2, 0x0601
     bc4:	04090103          	lb	sp,64(s2)
     bc8:	0100                	.insn	2, 0x0100
     bca:	0205                	.insn	2, 0x0205
     bcc:	04090103          	lb	sp,64(s2)
     bd0:	0100                	.insn	2, 0x0100
     bd2:	0900e603          	lwu	a2,144(ra)
     bd6:	0000                	.insn	2, 0x
     bd8:	0301                	.insn	2, 0x0301
     bda:	7f9f 0009 0100      	.insn	6, 0x010000097f9f
     be0:	00097503          	.insn	4, 0x00097503
     be4:	0100                	.insn	2, 0x0100
     be6:	00090203          	lb	tp,0(s2)
     bea:	0100                	.insn	2, 0x0100
     bec:	1d05                	.insn	2, 0x1d05
     bee:	0306                	.insn	2, 0x0306
     bf0:	0900                	.insn	2, 0x0900
     bf2:	0000                	.insn	2, 0x
     bf4:	0501                	.insn	2, 0x0501
     bf6:	09020307          	.insn	4, 0x09020307
     bfa:	0004                	.insn	2, 0x0004
     bfc:	0501                	.insn	2, 0x0501
     bfe:	031d                	.insn	2, 0x031d
     c00:	097e                	.insn	2, 0x097e
     c02:	0004                	.insn	2, 0x0004
     c04:	0501                	.insn	2, 0x0501
     c06:	09020307          	.insn	4, 0x09020307
     c0a:	0008                	.insn	2, 0x0008
     c0c:	0501                	.insn	2, 0x0501
     c0e:	0602                	.insn	2, 0x0602
     c10:	04097f03          	.insn	4, 0x04097f03
     c14:	0100                	.insn	2, 0x0100
     c16:	0305                	.insn	2, 0x0305
     c18:	00090103          	lb	sp,0(s2)
     c1c:	0100                	.insn	2, 0x0100
     c1e:	0705                	.insn	2, 0x0705
     c20:	0306                	.insn	2, 0x0306
     c22:	0900                	.insn	2, 0x0900
     c24:	0000                	.insn	2, 0x
     c26:	0501                	.insn	2, 0x0501
     c28:	000d                	.insn	2, 0x000d
     c2a:	0402                	.insn	2, 0x0402
     c2c:	0601                	.insn	2, 0x0601
     c2e:	04090103          	lb	sp,64(s2)
     c32:	0100                	.insn	2, 0x0100
     c34:	0205                	.insn	2, 0x0205
     c36:	04090103          	lb	sp,64(s2)
     c3a:	0100                	.insn	2, 0x0100
     c3c:	0900e703          	lwu	a4,144(ra)
     c40:	0000                	.insn	2, 0x
     c42:	0301                	.insn	2, 0x0301
     c44:	7fbe                	.insn	2, 0x7fbe
     c46:	0009                	.insn	2, 0x0009
     c48:	0100                	.insn	2, 0x0100
     c4a:	00096003          	lwu	zero,0(s2)
     c4e:	0100                	.insn	2, 0x0100
     c50:	00097503          	.insn	4, 0x00097503
     c54:	0100                	.insn	2, 0x0100
     c56:	00090203          	lb	tp,0(s2)
     c5a:	0100                	.insn	2, 0x0100
     c5c:	1d05                	.insn	2, 0x1d05
     c5e:	0306                	.insn	2, 0x0306
     c60:	0900                	.insn	2, 0x0900
     c62:	0000                	.insn	2, 0x
     c64:	0501                	.insn	2, 0x0501
     c66:	09020307          	.insn	4, 0x09020307
     c6a:	0004                	.insn	2, 0x0004
     c6c:	0501                	.insn	2, 0x0501
     c6e:	031d                	.insn	2, 0x031d
     c70:	097e                	.insn	2, 0x097e
     c72:	0004                	.insn	2, 0x0004
     c74:	0501                	.insn	2, 0x0501
     c76:	09020307          	.insn	4, 0x09020307
     c7a:	0008                	.insn	2, 0x0008
     c7c:	0501                	.insn	2, 0x0501
     c7e:	0602                	.insn	2, 0x0602
     c80:	04097f03          	.insn	4, 0x04097f03
     c84:	0100                	.insn	2, 0x0100
     c86:	0305                	.insn	2, 0x0305
     c88:	00090103          	lb	sp,0(s2)
     c8c:	0100                	.insn	2, 0x0100
     c8e:	0705                	.insn	2, 0x0705
     c90:	0306                	.insn	2, 0x0306
     c92:	0900                	.insn	2, 0x0900
     c94:	0000                	.insn	2, 0x
     c96:	0501                	.insn	2, 0x0501
     c98:	000d                	.insn	2, 0x000d
     c9a:	0402                	.insn	2, 0x0402
     c9c:	0601                	.insn	2, 0x0601
     c9e:	04090103          	lb	sp,64(s2)
     ca2:	0100                	.insn	2, 0x0100
     ca4:	0205                	.insn	2, 0x0205
     ca6:	04090103          	lb	sp,64(s2)
     caa:	0100                	.insn	2, 0x0100
     cac:	00092603          	lw	a2,0(s2)
     cb0:	0100                	.insn	2, 0x0100
     cb2:	1d05                	.insn	2, 0x1d05
     cb4:	0306                	.insn	2, 0x0306
     cb6:	0900                	.insn	2, 0x0900
     cb8:	0000                	.insn	2, 0x
     cba:	0501                	.insn	2, 0x0501
     cbc:	0602                	.insn	2, 0x0602
     cbe:	0900c203          	lbu	tp,144(ra)
     cc2:	0008                	.insn	2, 0x0008
     cc4:	0501                	.insn	2, 0x0501
     cc6:	0612                	.insn	2, 0x0612
     cc8:	0900d603          	lhu	a2,144(ra)
     ccc:	0000                	.insn	2, 0x
     cce:	0501                	.insn	2, 0x0501
     cd0:	0602                	.insn	2, 0x0602
     cd2:	097faf03          	lw	t5,151(t6)
     cd6:	0004                	.insn	2, 0x0004
     cd8:	0301                	.insn	2, 0x0301
     cda:	0901                	.insn	2, 0x0901
     cdc:	0000                	.insn	2, 0x
     cde:	0301                	.insn	2, 0x0301
     ce0:	0901                	.insn	2, 0x0901
     ce2:	000c                	.insn	2, 0x000c
     ce4:	0501                	.insn	2, 0x0501
     ce6:	0608                	.insn	2, 0x0608
     ce8:	00090003          	lb	zero,0(s2)
     cec:	0100                	.insn	2, 0x0100
     cee:	1d05                	.insn	2, 0x1d05
     cf0:	097f8d03          	lb	s10,151(t6)
     cf4:	0010                	.insn	2, 0x0010
     cf6:	0501                	.insn	2, 0x0501
     cf8:	09020307          	.insn	4, 0x09020307
     cfc:	0004                	.insn	2, 0x0004
     cfe:	0501                	.insn	2, 0x0501
     d00:	031d                	.insn	2, 0x031d
     d02:	097e                	.insn	2, 0x097e
     d04:	0004                	.insn	2, 0x0004
     d06:	0501                	.insn	2, 0x0501
     d08:	0308                	.insn	2, 0x0308
     d0a:	040900f3          	.insn	4, 0x040900f3
     d0e:	0100                	.insn	2, 0x0100
     d10:	0205                	.insn	2, 0x0205
     d12:	0306                	.insn	2, 0x0306
     d14:	0901                	.insn	2, 0x0901
     d16:	0004                	.insn	2, 0x0004
     d18:	0301                	.insn	2, 0x0301
     d1a:	7fb5                	.insn	2, 0x7fb5
     d1c:	0009                	.insn	2, 0x0009
     d1e:	0100                	.insn	2, 0x0100
     d20:	00096003          	lwu	zero,0(s2)
     d24:	0100                	.insn	2, 0x0100
     d26:	00097503          	.insn	4, 0x00097503
     d2a:	0100                	.insn	2, 0x0100
     d2c:	00090203          	lb	tp,0(s2)
     d30:	0100                	.insn	2, 0x0100
     d32:	1d05                	.insn	2, 0x1d05
     d34:	0306                	.insn	2, 0x0306
     d36:	0900                	.insn	2, 0x0900
     d38:	0000                	.insn	2, 0x
     d3a:	0501                	.insn	2, 0x0501
     d3c:	09020307          	.insn	4, 0x09020307
     d40:	0004                	.insn	2, 0x0004
     d42:	0501                	.insn	2, 0x0501
     d44:	0602                	.insn	2, 0x0602
     d46:	04097f03          	.insn	4, 0x04097f03
     d4a:	0100                	.insn	2, 0x0100
     d4c:	0305                	.insn	2, 0x0305
     d4e:	00090103          	lb	sp,0(s2)
     d52:	0100                	.insn	2, 0x0100
     d54:	0705                	.insn	2, 0x0705
     d56:	0306                	.insn	2, 0x0306
     d58:	0900                	.insn	2, 0x0900
     d5a:	0000                	.insn	2, 0x
     d5c:	0501                	.insn	2, 0x0501
     d5e:	000d                	.insn	2, 0x000d
     d60:	0402                	.insn	2, 0x0402
     d62:	0601                	.insn	2, 0x0601
     d64:	04090103          	lb	sp,64(s2)
     d68:	0100                	.insn	2, 0x0100
     d6a:	0205                	.insn	2, 0x0205
     d6c:	04090103          	lb	sp,64(s2)
     d70:	0100                	.insn	2, 0x0100
     d72:	00092603          	lw	a2,0(s2)
     d76:	0100                	.insn	2, 0x0100
     d78:	1d05                	.insn	2, 0x1d05
     d7a:	0306                	.insn	2, 0x0306
     d7c:	0900                	.insn	2, 0x0900
     d7e:	0000                	.insn	2, 0x
     d80:	0501                	.insn	2, 0x0501
     d82:	0602                	.insn	2, 0x0602
     d84:	0900cb03          	lbu	s6,144(ra)
     d88:	0008                	.insn	2, 0x0008
     d8a:	0501                	.insn	2, 0x0501
     d8c:	0611                	.insn	2, 0x0611
     d8e:	0900ce03          	lbu	t3,144(ra)
     d92:	0000                	.insn	2, 0x
     d94:	0501                	.insn	2, 0x0501
     d96:	0602                	.insn	2, 0x0602
     d98:	04094603          	lbu	a2,64(s2)
     d9c:	0100                	.insn	2, 0x0100
     d9e:	00090103          	lb	sp,0(s2)
     da2:	0100                	.insn	2, 0x0100
     da4:	00090103          	lb	sp,0(s2)
     da8:	0100                	.insn	2, 0x0100
     daa:	00090203          	lb	tp,0(s2)
     dae:	0100                	.insn	2, 0x0100
     db0:	0c090203          	lb	tp,192(s2)
     db4:	0100                	.insn	2, 0x0100
     db6:	10090103          	lb	sp,256(s2)
     dba:	0100                	.insn	2, 0x0100
     dbc:	0c090203          	lb	tp,192(s2)
     dc0:	0100                	.insn	2, 0x0100
     dc2:	1d05                	.insn	2, 0x1d05
     dc4:	0306                	.insn	2, 0x0306
     dc6:	0900                	.insn	2, 0x0900
     dc8:	0000                	.insn	2, 0x
     dca:	0501                	.insn	2, 0x0501
     dcc:	0602                	.insn	2, 0x0602
     dce:	10090103          	lb	sp,256(s2)
     dd2:	0100                	.insn	2, 0x0100
     dd4:	0605                	.insn	2, 0x0605
     dd6:	0306                	.insn	2, 0x0306
     dd8:	0900                	.insn	2, 0x0900
     dda:	0000                	.insn	2, 0x
     ddc:	0501                	.insn	2, 0x0501
     dde:	0005                	.insn	2, 0x0005
     de0:	0402                	.insn	2, 0x0402
     de2:	0301                	.insn	2, 0x0301
     de4:	0900                	.insn	2, 0x0900
     de6:	0010                	.insn	2, 0x0010
     de8:	0501                	.insn	2, 0x0501
     dea:	0314                	.insn	2, 0x0314
     dec:	0976                	.insn	2, 0x0976
     dee:	0004                	.insn	2, 0x0004
     df0:	0501                	.insn	2, 0x0501
     df2:	031d                	.insn	2, 0x031d
     df4:	04097ef7          	.insn	4, 0x04097ef7
     df8:	0100                	.insn	2, 0x0100
     dfa:	0705                	.insn	2, 0x0705
     dfc:	04090203          	lb	tp,64(s2)
     e00:	0100                	.insn	2, 0x0100
     e02:	1605                	.insn	2, 0x1605
     e04:	0900fb03          	.insn	4, 0x0900fb03
     e08:	0004                	.insn	2, 0x0004
     e0a:	0501                	.insn	2, 0x0501
     e0c:	0934030f          	.insn	4, 0x0934030f
     e10:	0004                	.insn	2, 0x0004
     e12:	0501                	.insn	2, 0x0501
     e14:	09590307          	.insn	4, 0x09590307
     e18:	0004                	.insn	2, 0x0004
     e1a:	0501                	.insn	2, 0x0501
     e1c:	0314                	.insn	2, 0x0314
     e1e:	097f 0004 0501 031d 	.insn	10, 0x7ef7031d05010004097f
     e26:	7ef7 
     e28:	0409                	.insn	2, 0x0409
     e2a:	0100                	.insn	2, 0x0100
     e2c:	0705                	.insn	2, 0x0705
     e2e:	0c090203          	lb	tp,192(s2)
     e32:	0100                	.insn	2, 0x0100
     e34:	1505                	.insn	2, 0x1505
     e36:	0200                	.insn	2, 0x0200
     e38:	0104                	.insn	2, 0x0104
     e3a:	09019b03          	lh	s6,144(gp)
     e3e:	0004                	.insn	2, 0x0004
     e40:	0501                	.insn	2, 0x0501
     e42:	0316                	.insn	2, 0x0316
     e44:	0960                	.insn	2, 0x0960
     e46:	0004                	.insn	2, 0x0004
     e48:	0401                	.insn	2, 0x0401
     e4a:	0502                	.insn	2, 0x0502
     e4c:	7ef40303          	lb	t1,2031(s0)
     e50:	0409                	.insn	2, 0x0409
     e52:	0100                	.insn	2, 0x0100
     e54:	0104                	.insn	2, 0x0104
     e56:	1105                	.insn	2, 0x1105
     e58:	0901be03          	ld	t3,144(gp)
     e5c:	0008                	.insn	2, 0x0008
     e5e:	0501                	.insn	2, 0x0501
     e60:	0902030f          	.insn	4, 0x0902030f
     e64:	0008                	.insn	2, 0x0008
     e66:	0501                	.insn	2, 0x0501
     e68:	0015                	.insn	2, 0x0015
     e6a:	0402                	.insn	2, 0x0402
     e6c:	0601                	.insn	2, 0x0601
     e6e:	04096c03          	lwu	s8,64(s2)
     e72:	0100                	.insn	2, 0x0100
     e74:	0205                	.insn	2, 0x0205
     e76:	097eec03          	lwu	s8,151(t4)
     e7a:	0000                	.insn	2, 0x
     e7c:	0301                	.insn	2, 0x0301
     e7e:	0975                	.insn	2, 0x0975
     e80:	0000                	.insn	2, 0x
     e82:	0301                	.insn	2, 0x0301
     e84:	0902                	.insn	2, 0x0902
     e86:	0000                	.insn	2, 0x
     e88:	0501                	.insn	2, 0x0501
     e8a:	061d                	.insn	2, 0x061d
     e8c:	00090003          	lb	zero,0(s2)
     e90:	0100                	.insn	2, 0x0100
     e92:	0205                	.insn	2, 0x0205
     e94:	0306                	.insn	2, 0x0306
     e96:	0901                	.insn	2, 0x0901
     e98:	0004                	.insn	2, 0x0004
     e9a:	0501                	.insn	2, 0x0501
     e9c:	09010303          	lb	t1,144(sp)
     ea0:	0000                	.insn	2, 0x
     ea2:	0501                	.insn	2, 0x0501
     ea4:	00030607          	.insn	4, 0x00030607
     ea8:	0009                	.insn	2, 0x0009
     eaa:	0100                	.insn	2, 0x0100
     eac:	0d05                	.insn	2, 0x0d05
     eae:	0200                	.insn	2, 0x0200
     eb0:	0104                	.insn	2, 0x0104
     eb2:	0306                	.insn	2, 0x0306
     eb4:	0901                	.insn	2, 0x0901
     eb6:	0008                	.insn	2, 0x0008
     eb8:	0501                	.insn	2, 0x0501
     eba:	0302                	.insn	2, 0x0302
     ebc:	0901                	.insn	2, 0x0901
     ebe:	0004                	.insn	2, 0x0004
     ec0:	0501                	.insn	2, 0x0501
     ec2:	0015                	.insn	2, 0x0015
     ec4:	0402                	.insn	2, 0x0402
     ec6:	0601                	.insn	2, 0x0601
     ec8:	09019903          	lh	s2,144(gp)
     ecc:	0000                	.insn	2, 0x
     ece:	0501                	.insn	2, 0x0501
     ed0:	097e0307          	.insn	4, 0x097e0307
     ed4:	000c                	.insn	2, 0x000c
     ed6:	0501                	.insn	2, 0x0501
     ed8:	03030603          	lb	a2,48(t1)
     edc:	0809                	.insn	2, 0x0809
     ede:	0100                	.insn	2, 0x0100
     ee0:	0405                	.insn	2, 0x0405
     ee2:	00090103          	lb	sp,0(s2)
     ee6:	0100                	.insn	2, 0x0100
     ee8:	0205                	.insn	2, 0x0205
     eea:	097eea03          	lwu	s4,151(t4)
     eee:	0000                	.insn	2, 0x
     ef0:	0301                	.insn	2, 0x0301
     ef2:	0975                	.insn	2, 0x0975
     ef4:	0000                	.insn	2, 0x
     ef6:	0301                	.insn	2, 0x0301
     ef8:	0902                	.insn	2, 0x0902
     efa:	0000                	.insn	2, 0x
     efc:	0501                	.insn	2, 0x0501
     efe:	061d                	.insn	2, 0x061d
     f00:	00090003          	lb	zero,0(s2)
     f04:	0100                	.insn	2, 0x0100
     f06:	0205                	.insn	2, 0x0205
     f08:	0306                	.insn	2, 0x0306
     f0a:	0901                	.insn	2, 0x0901
     f0c:	0004                	.insn	2, 0x0004
     f0e:	0501                	.insn	2, 0x0501
     f10:	09010303          	lb	t1,144(sp)
     f14:	0000                	.insn	2, 0x
     f16:	0501                	.insn	2, 0x0501
     f18:	00030607          	.insn	4, 0x00030607
     f1c:	0009                	.insn	2, 0x0009
     f1e:	0100                	.insn	2, 0x0100
     f20:	0d05                	.insn	2, 0x0d05
     f22:	0200                	.insn	2, 0x0200
     f24:	0104                	.insn	2, 0x0104
     f26:	0306                	.insn	2, 0x0306
     f28:	0901                	.insn	2, 0x0901
     f2a:	0008                	.insn	2, 0x0008
     f2c:	0501                	.insn	2, 0x0501
     f2e:	0302                	.insn	2, 0x0302
     f30:	0901                	.insn	2, 0x0901
     f32:	0004                	.insn	2, 0x0004
     f34:	0501                	.insn	2, 0x0501
     f36:	0606                	.insn	2, 0x0606
     f38:	0900f503          	.insn	4, 0x0900f503
     f3c:	0000                	.insn	2, 0x
     f3e:	0501                	.insn	2, 0x0501
     f40:	0309                	.insn	2, 0x0309
     f42:	10097f8b          	.insn	4, 0x10097f8b
     f46:	0100                	.insn	2, 0x0100
     f48:	0405                	.insn	2, 0x0405
     f4a:	0306                	.insn	2, 0x0306
     f4c:	019c                	.insn	2, 0x019c
     f4e:	0409                	.insn	2, 0x0409
     f50:	0100                	.insn	2, 0x0100
     f52:	0605                	.insn	2, 0x0605
     f54:	0306                	.insn	2, 0x0306
     f56:	0959                	.insn	2, 0x0959
     f58:	0000                	.insn	2, 0x
     f5a:	0301                	.insn	2, 0x0301
     f5c:	0901                	.insn	2, 0x0901
     f5e:	0004                	.insn	2, 0x0004
     f60:	0501                	.insn	2, 0x0501
     f62:	0309                	.insn	2, 0x0309
     f64:	0901                	.insn	2, 0x0901
     f66:	0004                	.insn	2, 0x0004
     f68:	0501                	.insn	2, 0x0501
     f6a:	0306                	.insn	2, 0x0306
     f6c:	0900                	.insn	2, 0x0900
     f6e:	0004                	.insn	2, 0x0004
     f70:	0301                	.insn	2, 0x0301
     f72:	0901                	.insn	2, 0x0901
     f74:	0010                	.insn	2, 0x0010
     f76:	0501                	.insn	2, 0x0501
     f78:	0316                	.insn	2, 0x0316
     f7a:	0901                	.insn	2, 0x0901
     f7c:	0010                	.insn	2, 0x0010
     f7e:	0501                	.insn	2, 0x0501
     f80:	0306                	.insn	2, 0x0306
     f82:	0900                	.insn	2, 0x0900
     f84:	0008                	.insn	2, 0x0008
     f86:	0301                	.insn	2, 0x0301
     f88:	00080923          	sb	zero,18(a6)
     f8c:	0501                	.insn	2, 0x0501
     f8e:	0309                	.insn	2, 0x0309
     f90:	0900                	.insn	2, 0x0900
     f92:	0004                	.insn	2, 0x0004
     f94:	0501                	.insn	2, 0x0501
     f96:	0604                	.insn	2, 0x0604
     f98:	04090103          	lb	sp,64(s2)
     f9c:	0100                	.insn	2, 0x0100
     f9e:	0205                	.insn	2, 0x0205
     fa0:	00095803          	lhu	a6,0(s2)
     fa4:	0100                	.insn	2, 0x0100
     fa6:	00090103          	lb	sp,0(s2)
     faa:	0100                	.insn	2, 0x0100
     fac:	00090103          	lb	sp,0(s2)
     fb0:	0100                	.insn	2, 0x0100
     fb2:	00090103          	lb	sp,0(s2)
     fb6:	0100                	.insn	2, 0x0100
     fb8:	00090103          	lb	sp,0(s2)
     fbc:	0100                	.insn	2, 0x0100
     fbe:	0605                	.insn	2, 0x0605
     fc0:	0306                	.insn	2, 0x0306
     fc2:	0900                	.insn	2, 0x0900
     fc4:	0000                	.insn	2, 0x
     fc6:	0501                	.insn	2, 0x0501
     fc8:	0602                	.insn	2, 0x0602
     fca:	04090103          	lb	sp,64(s2)
     fce:	0100                	.insn	2, 0x0100
     fd0:	1005                	.insn	2, 0x1005
     fd2:	0200                	.insn	2, 0x0200
     fd4:	0104                	.insn	2, 0x0104
     fd6:	00092403          	lw	s0,0(s2)
     fda:	0100                	.insn	2, 0x0100
     fdc:	0605                	.insn	2, 0x0605
     fde:	0306                	.insn	2, 0x0306
     fe0:	097e                	.insn	2, 0x097e
     fe2:	0004                	.insn	2, 0x0004
     fe4:	0501                	.insn	2, 0x0501
     fe6:	04030603          	lb	a2,64(t1)
     fea:	0809                	.insn	2, 0x0809
     fec:	0100                	.insn	2, 0x0100
     fee:	0205                	.insn	2, 0x0205
     ff0:	097ee503          	lwu	a0,151(t4)
     ff4:	0000                	.insn	2, 0x
     ff6:	0301                	.insn	2, 0x0301
     ff8:	0975                	.insn	2, 0x0975
     ffa:	0000                	.insn	2, 0x
     ffc:	0301                	.insn	2, 0x0301
     ffe:	0902                	.insn	2, 0x0902
    1000:	0000                	.insn	2, 0x
    1002:	0501                	.insn	2, 0x0501
    1004:	061d                	.insn	2, 0x061d
    1006:	00090003          	lb	zero,0(s2)
    100a:	0100                	.insn	2, 0x0100
    100c:	0205                	.insn	2, 0x0205
    100e:	0306                	.insn	2, 0x0306
    1010:	0901                	.insn	2, 0x0901
    1012:	0004                	.insn	2, 0x0004
    1014:	0501                	.insn	2, 0x0501
    1016:	09010303          	lb	t1,144(sp)
    101a:	0000                	.insn	2, 0x
    101c:	0501                	.insn	2, 0x0501
    101e:	00030607          	.insn	4, 0x00030607
    1022:	0009                	.insn	2, 0x0009
    1024:	0100                	.insn	2, 0x0100
    1026:	0d05                	.insn	2, 0x0d05
    1028:	0200                	.insn	2, 0x0200
    102a:	0104                	.insn	2, 0x0104
    102c:	0306                	.insn	2, 0x0306
    102e:	0901                	.insn	2, 0x0901
    1030:	0008                	.insn	2, 0x0008
    1032:	0501                	.insn	2, 0x0501
    1034:	0302                	.insn	2, 0x0302
    1036:	0901                	.insn	2, 0x0901
    1038:	0004                	.insn	2, 0x0004
    103a:	0501                	.insn	2, 0x0501
    103c:	0018                	.insn	2, 0x0018
    103e:	0402                	.insn	2, 0x0402
    1040:	0601                	.insn	2, 0x0601
    1042:	0901a003          	lw	zero,144(gp)
    1046:	0000                	.insn	2, 0x
    1048:	0501                	.insn	2, 0x0501
    104a:	0402000b          	.insn	4, 0x0402000b
    104e:	0301                	.insn	2, 0x0301
    1050:	0900                	.insn	2, 0x0900
    1052:	0004                	.insn	2, 0x0004
    1054:	0501                	.insn	2, 0x0501
    1056:	01030603          	lb	a2,16(t1)
    105a:	0c09                	.insn	2, 0x0c09
    105c:	0100                	.insn	2, 0x0100
    105e:	0205                	.insn	2, 0x0205
    1060:	097ee403          	lwu	s0,151(t4)
    1064:	0000                	.insn	2, 0x
    1066:	0301                	.insn	2, 0x0301
    1068:	0975                	.insn	2, 0x0975
    106a:	0000                	.insn	2, 0x
    106c:	0301                	.insn	2, 0x0301
    106e:	0902                	.insn	2, 0x0902
    1070:	0000                	.insn	2, 0x
    1072:	0501                	.insn	2, 0x0501
    1074:	061d                	.insn	2, 0x061d
    1076:	00090003          	lb	zero,0(s2)
    107a:	0100                	.insn	2, 0x0100
    107c:	0205                	.insn	2, 0x0205
    107e:	0306                	.insn	2, 0x0306
    1080:	0901                	.insn	2, 0x0901
    1082:	0004                	.insn	2, 0x0004
    1084:	0501                	.insn	2, 0x0501
    1086:	09010303          	lb	t1,144(sp)
    108a:	0000                	.insn	2, 0x
    108c:	0501                	.insn	2, 0x0501
    108e:	00030607          	.insn	4, 0x00030607
    1092:	0009                	.insn	2, 0x0009
    1094:	0100                	.insn	2, 0x0100
    1096:	0d05                	.insn	2, 0x0d05
    1098:	0200                	.insn	2, 0x0200
    109a:	0104                	.insn	2, 0x0104
    109c:	0306                	.insn	2, 0x0306
    109e:	0901                	.insn	2, 0x0901
    10a0:	0008                	.insn	2, 0x0008
    10a2:	0501                	.insn	2, 0x0501
    10a4:	0302                	.insn	2, 0x0302
    10a6:	0901                	.insn	2, 0x0901
    10a8:	0004                	.insn	2, 0x0004
    10aa:	0501                	.insn	2, 0x0501
    10ac:	01a30303          	lb	t1,26(t1)
    10b0:	0009                	.insn	2, 0x0009
    10b2:	0100                	.insn	2, 0x0100
    10b4:	0b05                	.insn	2, 0x0b05
    10b6:	0200                	.insn	2, 0x0200
    10b8:	0104                	.insn	2, 0x0104
    10ba:	0306                	.insn	2, 0x0306
    10bc:	097e                	.insn	2, 0x097e
    10be:	0000                	.insn	2, 0x
    10c0:	0501                	.insn	2, 0x0501
    10c2:	0306                	.insn	2, 0x0306
    10c4:	0902                	.insn	2, 0x0902
    10c6:	0004                	.insn	2, 0x0004
    10c8:	0501                	.insn	2, 0x0501
    10ca:	06030603          	lb	a2,96(t1)
    10ce:	0809                	.insn	2, 0x0809
    10d0:	0100                	.insn	2, 0x0100
    10d2:	0705                	.insn	2, 0x0705
    10d4:	0306                	.insn	2, 0x0306
    10d6:	0900                	.insn	2, 0x0900
    10d8:	0000                	.insn	2, 0x
    10da:	0501                	.insn	2, 0x0501
    10dc:	0306                	.insn	2, 0x0306
    10de:	0900                	.insn	2, 0x0900
    10e0:	0004                	.insn	2, 0x0004
    10e2:	0501                	.insn	2, 0x0501
    10e4:	0403060f          	.insn	4, 0x0403060f
    10e8:	0409                	.insn	2, 0x0409
    10ea:	0100                	.insn	2, 0x0100
    10ec:	0605                	.insn	2, 0x0605
    10ee:	0306                	.insn	2, 0x0306
    10f0:	095a                	.insn	2, 0x095a
    10f2:	0008                	.insn	2, 0x0008
    10f4:	0501                	.insn	2, 0x0501
    10f6:	0602                	.insn	2, 0x0602
    10f8:	04092703          	lw	a4,64(s2)
    10fc:	0100                	.insn	2, 0x0100
    10fe:	097ef703          	.insn	4, 0x097ef703
    1102:	0000                	.insn	2, 0x
    1104:	0301                	.insn	2, 0x0301
    1106:	0960                	.insn	2, 0x0960
    1108:	0000                	.insn	2, 0x
    110a:	0301                	.insn	2, 0x0301
    110c:	0975                	.insn	2, 0x0975
    110e:	0000                	.insn	2, 0x
    1110:	0301                	.insn	2, 0x0301
    1112:	0902                	.insn	2, 0x0902
    1114:	0000                	.insn	2, 0x
    1116:	0501                	.insn	2, 0x0501
    1118:	061d                	.insn	2, 0x061d
    111a:	00090003          	lb	zero,0(s2)
    111e:	0100                	.insn	2, 0x0100
    1120:	0705                	.insn	2, 0x0705
    1122:	04090203          	lb	tp,64(s2)
    1126:	0100                	.insn	2, 0x0100
    1128:	1d05                	.insn	2, 0x1d05
    112a:	04097e03          	.insn	4, 0x04097e03
    112e:	0100                	.insn	2, 0x0100
    1130:	0705                	.insn	2, 0x0705
    1132:	08090203          	lb	tp,128(s2)
    1136:	0100                	.insn	2, 0x0100
    1138:	0205                	.insn	2, 0x0205
    113a:	0306                	.insn	2, 0x0306
    113c:	097f 0004 0501 0303 	.insn	10, 0x0901030305010004097f
    1144:	0901 
    1146:	0000                	.insn	2, 0x
    1148:	0501                	.insn	2, 0x0501
    114a:	00030607          	.insn	4, 0x00030607
    114e:	0009                	.insn	2, 0x0009
    1150:	0100                	.insn	2, 0x0100
    1152:	0d05                	.insn	2, 0x0d05
    1154:	0200                	.insn	2, 0x0200
    1156:	0104                	.insn	2, 0x0104
    1158:	0306                	.insn	2, 0x0306
    115a:	0901                	.insn	2, 0x0901
    115c:	0004                	.insn	2, 0x0004
    115e:	0501                	.insn	2, 0x0501
    1160:	0302                	.insn	2, 0x0302
    1162:	0901                	.insn	2, 0x0901
    1164:	0004                	.insn	2, 0x0004
    1166:	0301                	.insn	2, 0x0301
    1168:	0926                	.insn	2, 0x0926
    116a:	0000                	.insn	2, 0x
    116c:	0501                	.insn	2, 0x0501
    116e:	061d                	.insn	2, 0x061d
    1170:	00090003          	lb	zero,0(s2)
    1174:	0100                	.insn	2, 0x0100
    1176:	0205                	.insn	2, 0x0205
    1178:	0306                	.insn	2, 0x0306
    117a:	018a                	.insn	2, 0x018a
    117c:	0809                	.insn	2, 0x0809
    117e:	0100                	.insn	2, 0x0100
    1180:	10090103          	lb	sp,256(s2)
    1184:	0100                	.insn	2, 0x0100
    1186:	097ef403          	.insn	4, 0x097ef403
    118a:	0000                	.insn	2, 0x
    118c:	0301                	.insn	2, 0x0301
    118e:	0960                	.insn	2, 0x0960
    1190:	0000                	.insn	2, 0x
    1192:	0301                	.insn	2, 0x0301
    1194:	0975                	.insn	2, 0x0975
    1196:	0000                	.insn	2, 0x
    1198:	0301                	.insn	2, 0x0301
    119a:	0902                	.insn	2, 0x0902
    119c:	0000                	.insn	2, 0x
    119e:	0501                	.insn	2, 0x0501
    11a0:	061d                	.insn	2, 0x061d
    11a2:	00090003          	lb	zero,0(s2)
    11a6:	0100                	.insn	2, 0x0100
    11a8:	0705                	.insn	2, 0x0705
    11aa:	04090203          	lb	tp,64(s2)
    11ae:	0100                	.insn	2, 0x0100
    11b0:	1d05                	.insn	2, 0x1d05
    11b2:	04097e03          	.insn	4, 0x04097e03
    11b6:	0100                	.insn	2, 0x0100
    11b8:	0705                	.insn	2, 0x0705
    11ba:	08090203          	lb	tp,128(s2)
    11be:	0100                	.insn	2, 0x0100
    11c0:	0205                	.insn	2, 0x0205
    11c2:	0306                	.insn	2, 0x0306
    11c4:	097f 0004 0501 0303 	.insn	10, 0x0901030305010004097f
    11cc:	0901 
    11ce:	0000                	.insn	2, 0x
    11d0:	0501                	.insn	2, 0x0501
    11d2:	00030607          	.insn	4, 0x00030607
    11d6:	0009                	.insn	2, 0x0009
    11d8:	0100                	.insn	2, 0x0100
    11da:	0d05                	.insn	2, 0x0d05
    11dc:	0200                	.insn	2, 0x0200
    11de:	0104                	.insn	2, 0x0104
    11e0:	0306                	.insn	2, 0x0306
    11e2:	0901                	.insn	2, 0x0901
    11e4:	0004                	.insn	2, 0x0004
    11e6:	0501                	.insn	2, 0x0501
    11e8:	0302                	.insn	2, 0x0302
    11ea:	0901                	.insn	2, 0x0901
    11ec:	0004                	.insn	2, 0x0004
    11ee:	0301                	.insn	2, 0x0301
    11f0:	0926                	.insn	2, 0x0926
    11f2:	0000                	.insn	2, 0x
    11f4:	0501                	.insn	2, 0x0501
    11f6:	061d                	.insn	2, 0x061d
    11f8:	00090003          	lb	zero,0(s2)
    11fc:	0100                	.insn	2, 0x0100
    11fe:	0205                	.insn	2, 0x0205
    1200:	09018c03          	lb	s8,144(gp)
    1204:	0004                	.insn	2, 0x0004
    1206:	0501                	.insn	2, 0x0501
    1208:	031d                	.insn	2, 0x031d
    120a:	7ef4                	.insn	2, 0x7ef4
    120c:	0809                	.insn	2, 0x0809
    120e:	0100                	.insn	2, 0x0100
    1210:	0205                	.insn	2, 0x0205
    1212:	0306                	.insn	2, 0x0306
    1214:	018c                	.insn	2, 0x018c
    1216:	0409                	.insn	2, 0x0409
    1218:	0100                	.insn	2, 0x0100
    121a:	04090103          	lb	sp,64(s2)
    121e:	0100                	.insn	2, 0x0100
    1220:	1105                	.insn	2, 0x1105
    1222:	0306                	.insn	2, 0x0306
    1224:	090d                	.insn	2, 0x090d
    1226:	0000                	.insn	2, 0x
    1228:	0501                	.insn	2, 0x0501
    122a:	0602                	.insn	2, 0x0602
    122c:	04090603          	lb	a2,64(s2)
    1230:	0100                	.insn	2, 0x0100
    1232:	0c090203          	lb	tp,192(s2)
    1236:	0100                	.insn	2, 0x0100
    1238:	04090203          	lb	tp,64(s2)
    123c:	0100                	.insn	2, 0x0100
    123e:	0306                	.insn	2, 0x0306
    1240:	097e                	.insn	2, 0x097e
    1242:	0000                	.insn	2, 0x
    1244:	0501                	.insn	2, 0x0501
    1246:	0309                	.insn	2, 0x0309
    1248:	0902                	.insn	2, 0x0902
    124a:	0010                	.insn	2, 0x0010
    124c:	0401                	.insn	2, 0x0401
    124e:	0502                	.insn	2, 0x0502
    1250:	0602                	.insn	2, 0x0602
    1252:	097ea103          	lw	sp,151(t4)
    1256:	0004                	.insn	2, 0x0004
    1258:	0301                	.insn	2, 0x0301
    125a:	0901                	.insn	2, 0x0901
    125c:	0000                	.insn	2, 0x
    125e:	0501                	.insn	2, 0x0501
    1260:	09010303          	lb	t1,144(sp)
    1264:	0000                	.insn	2, 0x
    1266:	0501                	.insn	2, 0x0501
    1268:	000d                	.insn	2, 0x000d
    126a:	0402                	.insn	2, 0x0402
    126c:	0301                	.insn	2, 0x0301
    126e:	0904                	.insn	2, 0x0904
    1270:	0004                	.insn	2, 0x0004
    1272:	0401                	.insn	2, 0x0401
    1274:	0501                	.insn	2, 0x0501
    1276:	0304                	.insn	2, 0x0304
    1278:	01ba                	.insn	2, 0x01ba
    127a:	0809                	.insn	2, 0x0809
    127c:	0100                	.insn	2, 0x0100
    127e:	1205                	.insn	2, 0x1205
    1280:	0306                	.insn	2, 0x0306
    1282:	0900                	.insn	2, 0x0900
    1284:	0000                	.insn	2, 0x
    1286:	0501                	.insn	2, 0x0501
    1288:	0311                	.insn	2, 0x0311
    128a:	0900                	.insn	2, 0x0900
    128c:	0008                	.insn	2, 0x0008
    128e:	0401                	.insn	2, 0x0401
    1290:	0502                	.insn	2, 0x0502
    1292:	0602                	.insn	2, 0x0602
    1294:	097ebe03          	ld	t3,151(t4)
    1298:	0008                	.insn	2, 0x0008
    129a:	0301                	.insn	2, 0x0301
    129c:	0902                	.insn	2, 0x0902
    129e:	0000                	.insn	2, 0x
    12a0:	0301                	.insn	2, 0x0301
    12a2:	0901                	.insn	2, 0x0901
    12a4:	0000                	.insn	2, 0x
    12a6:	0501                	.insn	2, 0x0501
    12a8:	09010303          	lb	t1,144(sp)
    12ac:	0000                	.insn	2, 0x
    12ae:	0501                	.insn	2, 0x0501
    12b0:	000d                	.insn	2, 0x000d
    12b2:	0402                	.insn	2, 0x0402
    12b4:	0301                	.insn	2, 0x0301
    12b6:	0904                	.insn	2, 0x0904
    12b8:	0004                	.insn	2, 0x0004
    12ba:	0401                	.insn	2, 0x0401
    12bc:	0501                	.insn	2, 0x0501
    12be:	0304                	.insn	2, 0x0304
    12c0:	0c0901b3          	.insn	4, 0x0c0901b3
    12c4:	0100                	.insn	2, 0x0100
    12c6:	0c090103          	lb	sp,192(s2)
    12ca:	0100                	.insn	2, 0x0100
    12cc:	00090103          	lb	sp,0(s2)
    12d0:	0100                	.insn	2, 0x0100
    12d2:	0705                	.insn	2, 0x0705
    12d4:	0306                	.insn	2, 0x0306
    12d6:	097f 0000 0501 0304 	.insn	10, 0x0901030405010000097f
    12de:	0901 
    12e0:	0004                	.insn	2, 0x0004
    12e2:	0501                	.insn	2, 0x0501
    12e4:	6a030603          	lb	a2,1696(t1)
    12e8:	0409                	.insn	2, 0x0409
    12ea:	0100                	.insn	2, 0x0100
    12ec:	0205                	.insn	2, 0x0205
    12ee:	097f9503          	lh	a0,151(t6)
    12f2:	0000                	.insn	2, 0x
    12f4:	0301                	.insn	2, 0x0301
    12f6:	0960                	.insn	2, 0x0960
    12f8:	0000                	.insn	2, 0x
    12fa:	0301                	.insn	2, 0x0301
    12fc:	0975                	.insn	2, 0x0975
    12fe:	0000                	.insn	2, 0x
    1300:	0301                	.insn	2, 0x0301
    1302:	0902                	.insn	2, 0x0902
    1304:	0000                	.insn	2, 0x
    1306:	0501                	.insn	2, 0x0501
    1308:	061d                	.insn	2, 0x061d
    130a:	00090003          	lb	zero,0(s2)
    130e:	0100                	.insn	2, 0x0100
    1310:	0705                	.insn	2, 0x0705
    1312:	04090203          	lb	tp,64(s2)
    1316:	0100                	.insn	2, 0x0100
    1318:	1d05                	.insn	2, 0x1d05
    131a:	04097e03          	.insn	4, 0x04097e03
    131e:	0100                	.insn	2, 0x0100
    1320:	0705                	.insn	2, 0x0705
    1322:	08090203          	lb	tp,128(s2)
    1326:	0100                	.insn	2, 0x0100
    1328:	0205                	.insn	2, 0x0205
    132a:	0306                	.insn	2, 0x0306
    132c:	097f 0004 0501 0303 	.insn	10, 0x0901030305010004097f
    1334:	0901 
    1336:	0000                	.insn	2, 0x
    1338:	0501                	.insn	2, 0x0501
    133a:	00030607          	.insn	4, 0x00030607
    133e:	0009                	.insn	2, 0x0009
    1340:	0100                	.insn	2, 0x0100
    1342:	0d05                	.insn	2, 0x0d05
    1344:	0200                	.insn	2, 0x0200
    1346:	0104                	.insn	2, 0x0104
    1348:	0306                	.insn	2, 0x0306
    134a:	0901                	.insn	2, 0x0901
    134c:	0004                	.insn	2, 0x0004
    134e:	0501                	.insn	2, 0x0501
    1350:	0302                	.insn	2, 0x0302
    1352:	0901                	.insn	2, 0x0901
    1354:	0004                	.insn	2, 0x0004
    1356:	0301                	.insn	2, 0x0301
    1358:	0926                	.insn	2, 0x0926
    135a:	0000                	.insn	2, 0x
    135c:	0501                	.insn	2, 0x0501
    135e:	061d                	.insn	2, 0x061d
    1360:	00090003          	lb	zero,0(s2)
    1364:	0100                	.insn	2, 0x0100
    1366:	0305                	.insn	2, 0x0305
    1368:	0306                	.insn	2, 0x0306
    136a:	180900eb          	.insn	4, 0x180900eb
    136e:	0100                	.insn	2, 0x0100
    1370:	0409                	.insn	2, 0x0409
    1372:	0000                	.insn	2, 0x
    1374:	0101                	.insn	2, 0x0101
    1376:	0000050f          	.insn	4, 0x050f
    137a:	0005                	.insn	2, 0x0005
    137c:	0008                	.insn	2, 0x0008
    137e:	004a                	.insn	2, 0x004a
    1380:	0000                	.insn	2, 0x
    1382:	0101                	.insn	2, 0x0101
    1384:	fb01                	.insn	2, 0xfb01
    1386:	0d0e                	.insn	2, 0x0d0e
    1388:	0100                	.insn	2, 0x0100
    138a:	0101                	.insn	2, 0x0101
    138c:	0001                	.insn	2, 0x0001
    138e:	0000                	.insn	2, 0x
    1390:	0001                	.insn	2, 0x0001
    1392:	0100                	.insn	2, 0x0100
    1394:	0101                	.insn	2, 0x0101
    1396:	041f 0000 0000      	.insn	6, 0x041f
    139c:	0121                	.insn	2, 0x0121
    139e:	0000                	.insn	2, 0x
    13a0:	004c                	.insn	2, 0x004c
    13a2:	0000                	.insn	2, 0x
    13a4:	00a1                	.insn	2, 0x00a1
    13a6:	0000                	.insn	2, 0x
    13a8:	0102                	.insn	2, 0x0102
    13aa:	021f 060f 0117      	.insn	6, 0x0117060f021f
    13b0:	0000                	.insn	2, 0x
    13b2:	1700                	.insn	2, 0x1700
    13b4:	0001                	.insn	2, 0x0001
    13b6:	0000                	.insn	2, 0x
    13b8:	00f2                	.insn	2, 0x00f2
    13ba:	0000                	.insn	2, 0x
    13bc:	7d00                	.insn	2, 0x7d00
    13be:	0001                	.insn	2, 0x0001
    13c0:	0100                	.insn	2, 0x0100
    13c2:	00fc                	.insn	2, 0x00fc
    13c4:	0000                	.insn	2, 0x
    13c6:	0d02                	.insn	2, 0x0d02
    13c8:	0001                	.insn	2, 0x0001
    13ca:	0300                	.insn	2, 0x0300
    13cc:	0105                	.insn	2, 0x0105
    13ce:	0900                	.insn	2, 0x0900
    13d0:	d802                	.insn	2, 0xd802
    13d2:	00000107          	.insn	4, 0x0107
    13d6:	0000                	.insn	2, 0x
    13d8:	0300                	.insn	2, 0x0300
    13da:	0205010f          	.insn	4, 0x0205010f
    13de:	00090103          	lb	sp,0(s2)
    13e2:	0100                	.insn	2, 0x0100
    13e4:	00097903          	.insn	4, 0x00097903
    13e8:	0100                	.insn	2, 0x0100
    13ea:	00090103          	lb	sp,0(s2)
    13ee:	0100                	.insn	2, 0x0100
    13f0:	1205                	.insn	2, 0x1205
    13f2:	0200                	.insn	2, 0x0200
    13f4:	0104                	.insn	2, 0x0104
    13f6:	00090003          	lb	zero,0(s2)
    13fa:	0100                	.insn	2, 0x0100
    13fc:	0c05                	.insn	2, 0x0c05
    13fe:	0200                	.insn	2, 0x0200
    1400:	0104                	.insn	2, 0x0104
    1402:	0306                	.insn	2, 0x0306
    1404:	0900                	.insn	2, 0x0900
    1406:	0000                	.insn	2, 0x
    1408:	0501                	.insn	2, 0x0501
    140a:	0012                	.insn	2, 0x0012
    140c:	0402                	.insn	2, 0x0402
    140e:	0301                	.insn	2, 0x0301
    1410:	0900                	.insn	2, 0x0900
    1412:	0004                	.insn	2, 0x0004
    1414:	0401                	.insn	2, 0x0401
    1416:	0502                	.insn	2, 0x0502
    1418:	09100303          	lb	t1,145(zero) # 91 <_prog_start-0xff6f>
    141c:	0004                	.insn	2, 0x0004
    141e:	0501                	.insn	2, 0x0501
    1420:	0602                	.insn	2, 0x0602
    1422:	04097e03          	.insn	4, 0x04097e03
    1426:	0100                	.insn	2, 0x0100
    1428:	00090103          	lb	sp,0(s2)
    142c:	0100                	.insn	2, 0x0100
    142e:	0305                	.insn	2, 0x0305
    1430:	00090103          	lb	sp,0(s2)
    1434:	0100                	.insn	2, 0x0100
    1436:	0d05                	.insn	2, 0x0d05
    1438:	0200                	.insn	2, 0x0200
    143a:	0104                	.insn	2, 0x0104
    143c:	04090403          	lb	s0,64(s2)
    1440:	0100                	.insn	2, 0x0100
    1442:	0104                	.insn	2, 0x0104
    1444:	1c05                	.insn	2, 0x1c05
    1446:	0200                	.insn	2, 0x0200
    1448:	0204                	.insn	2, 0x0204
    144a:	08096c03          	lwu	s8,128(s2)
    144e:	0100                	.insn	2, 0x0100
    1450:	0c05                	.insn	2, 0x0c05
    1452:	0200                	.insn	2, 0x0200
    1454:	0104                	.insn	2, 0x0104
    1456:	0306                	.insn	2, 0x0306
    1458:	0900                	.insn	2, 0x0900
    145a:	0000                	.insn	2, 0x
    145c:	0501                	.insn	2, 0x0501
    145e:	001c                	.insn	2, 0x001c
    1460:	0402                	.insn	2, 0x0402
    1462:	0302                	.insn	2, 0x0302
    1464:	0900                	.insn	2, 0x0900
    1466:	0004                	.insn	2, 0x0004
    1468:	0501                	.insn	2, 0x0501
    146a:	0012                	.insn	2, 0x0012
    146c:	0402                	.insn	2, 0x0402
    146e:	0601                	.insn	2, 0x0601
    1470:	04090003          	lb	zero,64(s2)
    1474:	0100                	.insn	2, 0x0100
    1476:	0204                	.insn	2, 0x0204
    1478:	0305                	.insn	2, 0x0305
    147a:	0306                	.insn	2, 0x0306
    147c:	0910                	.insn	2, 0x0910
    147e:	0004                	.insn	2, 0x0004
    1480:	0501                	.insn	2, 0x0501
    1482:	0602                	.insn	2, 0x0602
    1484:	08097e03          	.insn	4, 0x08097e03
    1488:	0100                	.insn	2, 0x0100
    148a:	00090103          	lb	sp,0(s2)
    148e:	0100                	.insn	2, 0x0100
    1490:	0305                	.insn	2, 0x0305
    1492:	00090103          	lb	sp,0(s2)
    1496:	0100                	.insn	2, 0x0100
    1498:	0d05                	.insn	2, 0x0d05
    149a:	0200                	.insn	2, 0x0200
    149c:	0104                	.insn	2, 0x0104
    149e:	04090403          	lb	s0,64(s2)
    14a2:	0100                	.insn	2, 0x0100
    14a4:	0305                	.insn	2, 0x0305
    14a6:	0306                	.insn	2, 0x0306
    14a8:	097c                	.insn	2, 0x097c
    14aa:	0008                	.insn	2, 0x0008
    14ac:	0501                	.insn	2, 0x0501
    14ae:	0602                	.insn	2, 0x0602
    14b0:	08097e03          	.insn	4, 0x08097e03
    14b4:	0100                	.insn	2, 0x0100
    14b6:	00090103          	lb	sp,0(s2)
    14ba:	0100                	.insn	2, 0x0100
    14bc:	0305                	.insn	2, 0x0305
    14be:	00090103          	lb	sp,0(s2)
    14c2:	0100                	.insn	2, 0x0100
    14c4:	0d05                	.insn	2, 0x0d05
    14c6:	0200                	.insn	2, 0x0200
    14c8:	0104                	.insn	2, 0x0104
    14ca:	04090403          	lb	s0,64(s2)
    14ce:	0100                	.insn	2, 0x0100
    14d0:	0104                	.insn	2, 0x0104
    14d2:	0105                	.insn	2, 0x0105
    14d4:	0306                	.insn	2, 0x0306
    14d6:	0975                	.insn	2, 0x0975
    14d8:	0008                	.insn	2, 0x0008
    14da:	0601                	.insn	2, 0x0601
    14dc:	04090303          	lb	t1,64(s2)
    14e0:	0100                	.insn	2, 0x0100
    14e2:	0205                	.insn	2, 0x0205
    14e4:	00090103          	lb	sp,0(s2)
    14e8:	0100                	.insn	2, 0x0100
    14ea:	00090103          	lb	sp,0(s2)
    14ee:	0100                	.insn	2, 0x0100
    14f0:	00090103          	lb	sp,0(s2)
    14f4:	0100                	.insn	2, 0x0100
    14f6:	00090203          	lb	tp,0(s2)
    14fa:	0100                	.insn	2, 0x0100
    14fc:	0105                	.insn	2, 0x0105
    14fe:	0306                	.insn	2, 0x0306
    1500:	0000097b          	.insn	4, 0x097b
    1504:	0501                	.insn	2, 0x0501
    1506:	030c                	.insn	2, 0x030c
    1508:	0909                	.insn	2, 0x0909
    150a:	0004                	.insn	2, 0x0004
    150c:	0501                	.insn	2, 0x0501
    150e:	0301                	.insn	2, 0x0301
    1510:	00040977          	.insn	4, 0x00040977
    1514:	0501                	.insn	2, 0x0501
    1516:	0302                	.insn	2, 0x0302
    1518:	0905                	.insn	2, 0x0905
    151a:	0004                	.insn	2, 0x0004
    151c:	0501                	.insn	2, 0x0501
    151e:	0301                	.insn	2, 0x0301
    1520:	0004097b          	.insn	4, 0x0004097b
    1524:	0501                	.insn	2, 0x0501
    1526:	0302                	.insn	2, 0x0302
    1528:	0905                	.insn	2, 0x0905
    152a:	0018                	.insn	2, 0x0018
    152c:	0601                	.insn	2, 0x0601
    152e:	04090103          	lb	sp,64(s2)
    1532:	0100                	.insn	2, 0x0100
    1534:	00090103          	lb	sp,0(s2)
    1538:	0100                	.insn	2, 0x0100
    153a:	00090103          	lb	sp,0(s2)
    153e:	0100                	.insn	2, 0x0100
    1540:	00090103          	lb	sp,0(s2)
    1544:	0100                	.insn	2, 0x0100
    1546:	1605                	.insn	2, 0x1605
    1548:	00090003          	lb	zero,0(s2)
    154c:	0100                	.insn	2, 0x0100
    154e:	0d05                	.insn	2, 0x0d05
    1550:	0306                	.insn	2, 0x0306
    1552:	0924                	.insn	2, 0x0924
    1554:	0014                	.insn	2, 0x0014
    1556:	0401                	.insn	2, 0x0401
    1558:	0502                	.insn	2, 0x0502
    155a:	09570303          	lb	t1,149(a4)
    155e:	0004                	.insn	2, 0x0004
    1560:	0401                	.insn	2, 0x0401
    1562:	0501                	.insn	2, 0x0501
    1564:	0304                	.insn	2, 0x0304
    1566:	00040907          	.insn	4, 0x00040907
    156a:	0501                	.insn	2, 0x0501
    156c:	7f030603          	lb	a2,2032(t1)
    1570:	0c09                	.insn	2, 0x0c09
    1572:	0100                	.insn	2, 0x0100
    1574:	0605                	.insn	2, 0x0605
    1576:	0306                	.insn	2, 0x0306
    1578:	0900                	.insn	2, 0x0900
    157a:	0000                	.insn	2, 0x
    157c:	0501                	.insn	2, 0x0501
    157e:	0604                	.insn	2, 0x0604
    1580:	04090103          	lb	sp,64(s2)
    1584:	0100                	.insn	2, 0x0100
    1586:	0505                	.insn	2, 0x0505
    1588:	20091c03          	lh	s8,512(s2)
    158c:	0100                	.insn	2, 0x0100
    158e:	0b05                	.insn	2, 0x0b05
    1590:	0306                	.insn	2, 0x0306
    1592:	0900                	.insn	2, 0x0900
    1594:	0000                	.insn	2, 0x
    1596:	0401                	.insn	2, 0x0401
    1598:	0502                	.insn	2, 0x0502
    159a:	095d0303          	lb	t1,149(s10)
    159e:	0004                	.insn	2, 0x0004
    15a0:	0401                	.insn	2, 0x0401
    15a2:	0501                	.insn	2, 0x0501
    15a4:	0005                	.insn	2, 0x0005
    15a6:	0402                	.insn	2, 0x0402
    15a8:	0301                	.insn	2, 0x0301
    15aa:	00040923          	sb	zero,18(s0)
    15ae:	0401                	.insn	2, 0x0401
    15b0:	0502                	.insn	2, 0x0502
    15b2:	0602                	.insn	2, 0x0602
    15b4:	04095903          	lhu	s2,64(s2)
    15b8:	0100                	.insn	2, 0x0100
    15ba:	0104                	.insn	2, 0x0104
    15bc:	0b05                	.insn	2, 0x0b05
    15be:	0306                	.insn	2, 0x0306
    15c0:	00000927          	.insn	4, 0x0927
    15c4:	0401                	.insn	2, 0x0401
    15c6:	0502                	.insn	2, 0x0502
    15c8:	0602                	.insn	2, 0x0602
    15ca:	08095b03          	lhu	s6,128(s2)
    15ce:	0100                	.insn	2, 0x0100
    15d0:	00090103          	lb	sp,0(s2)
    15d4:	0100                	.insn	2, 0x0100
    15d6:	0305                	.insn	2, 0x0305
    15d8:	00090103          	lb	sp,0(s2)
    15dc:	0100                	.insn	2, 0x0100
    15de:	0d05                	.insn	2, 0x0d05
    15e0:	0200                	.insn	2, 0x0200
    15e2:	0104                	.insn	2, 0x0104
    15e4:	04090403          	lb	s0,64(s2)
    15e8:	0100                	.insn	2, 0x0100
    15ea:	0104                	.insn	2, 0x0104
    15ec:	0c05                	.insn	2, 0x0c05
    15ee:	0306                	.insn	2, 0x0306
    15f0:	0924                	.insn	2, 0x0924
    15f2:	0008                	.insn	2, 0x0008
    15f4:	0301                	.insn	2, 0x0301
    15f6:	097f 0004 0501 030e 	.insn	10, 0x097f030e05010004097f
    15fe:	097f 
    1600:	0004                	.insn	2, 0x0004
    1602:	0501                	.insn	2, 0x0501
    1604:	0616                	.insn	2, 0x0616
    1606:	04095f03          	lhu	t5,64(s2)
    160a:	0100                	.insn	2, 0x0100
    160c:	0c05                	.insn	2, 0x0c05
    160e:	0306                	.insn	2, 0x0306
    1610:	0900                	.insn	2, 0x0900
    1612:	0000                	.insn	2, 0x
    1614:	0501                	.insn	2, 0x0501
    1616:	0312                	.insn	2, 0x0312
    1618:	0900                	.insn	2, 0x0900
    161a:	0004                	.insn	2, 0x0004
    161c:	0501                	.insn	2, 0x0501
    161e:	0316                	.insn	2, 0x0316
    1620:	0900                	.insn	2, 0x0900
    1622:	0004                	.insn	2, 0x0004
    1624:	0501                	.insn	2, 0x0501
    1626:	0301                	.insn	2, 0x0301
    1628:	0004092b          	.insn	4, 0x0004092b
    162c:	0501                	.insn	2, 0x0501
    162e:	0605                	.insn	2, 0x0605
    1630:	08095f03          	lhu	t5,128(s2)
    1634:	0100                	.insn	2, 0x0100
    1636:	00090103          	lb	sp,0(s2)
    163a:	0100                	.insn	2, 0x0100
    163c:	00090103          	lb	sp,0(s2)
    1640:	0100                	.insn	2, 0x0100
    1642:	0805                	.insn	2, 0x0805
    1644:	0306                	.insn	2, 0x0306
    1646:	0901                	.insn	2, 0x0901
    1648:	0000                	.insn	2, 0x
    164a:	0301                	.insn	2, 0x0301
    164c:	097f 0008 0501 0606 	.insn	10, 0x0103060605010008097f
    1654:	0103 
    1656:	0409                	.insn	2, 0x0409
    1658:	0100                	.insn	2, 0x0100
    165a:	0805                	.insn	2, 0x0805
    165c:	0306                	.insn	2, 0x0306
    165e:	0900                	.insn	2, 0x0900
    1660:	0000                	.insn	2, 0x
    1662:	0501                	.insn	2, 0x0501
    1664:	0606                	.insn	2, 0x0606
    1666:	04090103          	lb	sp,64(s2)
    166a:	0100                	.insn	2, 0x0100
    166c:	0e05                	.insn	2, 0x0e05
    166e:	0200                	.insn	2, 0x0200
    1670:	0104                	.insn	2, 0x0104
    1672:	00090503          	lb	a0,0(s2)
    1676:	0100                	.insn	2, 0x0100
    1678:	0805                	.insn	2, 0x0805
    167a:	0306                	.insn	2, 0x0306
    167c:	097a                	.insn	2, 0x097a
    167e:	0000                	.insn	2, 0x
    1680:	0301                	.insn	2, 0x0301
    1682:	0901                	.insn	2, 0x0901
    1684:	0004                	.insn	2, 0x0004
    1686:	0501                	.insn	2, 0x0501
    1688:	0306                	.insn	2, 0x0306
    168a:	0908                	.insn	2, 0x0908
    168c:	0004                	.insn	2, 0x0004
    168e:	0401                	.insn	2, 0x0401
    1690:	0502                	.insn	2, 0x0502
    1692:	09650303          	lb	t1,150(a0)
    1696:	0004                	.insn	2, 0x0004
    1698:	0401                	.insn	2, 0x0401
    169a:	0501                	.insn	2, 0x0501
    169c:	000e                	.insn	2, 0x000e
    169e:	0402                	.insn	2, 0x0402
    16a0:	0301                	.insn	2, 0x0301
    16a2:	0918                	.insn	2, 0x0918
    16a4:	0004                	.insn	2, 0x0004
    16a6:	0501                	.insn	2, 0x0501
    16a8:	0606                	.insn	2, 0x0606
    16aa:	04090103          	lb	sp,64(s2)
    16ae:	0100                	.insn	2, 0x0100
    16b0:	00090103          	lb	sp,0(s2)
    16b4:	0100                	.insn	2, 0x0100
    16b6:	0d05                	.insn	2, 0x0d05
    16b8:	0306                	.insn	2, 0x0306
    16ba:	0900                	.insn	2, 0x0900
    16bc:	0000                	.insn	2, 0x
    16be:	0501                	.insn	2, 0x0501
    16c0:	0019                	.insn	2, 0x0019
    16c2:	0402                	.insn	2, 0x0402
    16c4:	0301                	.insn	2, 0x0301
    16c6:	0901                	.insn	2, 0x0901
    16c8:	0004                	.insn	2, 0x0004
    16ca:	0501                	.insn	2, 0x0501
    16cc:	0606                	.insn	2, 0x0606
    16ce:	04090003          	lb	zero,64(s2)
    16d2:	0100                	.insn	2, 0x0100
    16d4:	0200                	.insn	2, 0x0200
    16d6:	0204                	.insn	2, 0x0204
    16d8:	0306                	.insn	2, 0x0306
    16da:	0900                	.insn	2, 0x0900
    16dc:	0000                	.insn	2, 0x
    16de:	0301                	.insn	2, 0x0301
    16e0:	0900                	.insn	2, 0x0900
    16e2:	0004                	.insn	2, 0x0004
    16e4:	0001                	.insn	2, 0x0001
    16e6:	0402                	.insn	2, 0x0402
    16e8:	0301                	.insn	2, 0x0301
    16ea:	0900                	.insn	2, 0x0900
    16ec:	0004                	.insn	2, 0x0004
    16ee:	0401                	.insn	2, 0x0401
    16f0:	0502                	.insn	2, 0x0502
    16f2:	0602                	.insn	2, 0x0602
    16f4:	04096303          	lwu	t1,64(s2)
    16f8:	0100                	.insn	2, 0x0100
    16fa:	00090103          	lb	sp,0(s2)
    16fe:	0100                	.insn	2, 0x0100
    1700:	0305                	.insn	2, 0x0305
    1702:	00090103          	lb	sp,0(s2)
    1706:	0100                	.insn	2, 0x0100
    1708:	0d05                	.insn	2, 0x0d05
    170a:	0200                	.insn	2, 0x0200
    170c:	0104                	.insn	2, 0x0104
    170e:	04090403          	lb	s0,64(s2)
    1712:	0100                	.insn	2, 0x0100
    1714:	0104                	.insn	2, 0x0104
    1716:	1605                	.insn	2, 0x1605
    1718:	08091403          	lh	s0,128(s2)
    171c:	0100                	.insn	2, 0x0100
    171e:	0e05                	.insn	2, 0x0e05
    1720:	0200                	.insn	2, 0x0200
    1722:	0104                	.insn	2, 0x0104
    1724:	04090003          	lb	zero,64(s2)
    1728:	0100                	.insn	2, 0x0100
    172a:	0505                	.insn	2, 0x0505
    172c:	08090803          	lb	a6,128(s2)
    1730:	0100                	.insn	2, 0x0100
    1732:	0205                	.insn	2, 0x0205
    1734:	08094f03          	lbu	t5,128(s2)
    1738:	0100                	.insn	2, 0x0100
    173a:	00090103          	lb	sp,0(s2)
    173e:	0100                	.insn	2, 0x0100
    1740:	1205                	.insn	2, 0x1205
    1742:	0200                	.insn	2, 0x0200
    1744:	0104                	.insn	2, 0x0104
    1746:	00090003          	lb	zero,0(s2)
    174a:	0100                	.insn	2, 0x0100
    174c:	0505                	.insn	2, 0x0505
    174e:	0306                	.insn	2, 0x0306
    1750:	0930                	.insn	2, 0x0930
    1752:	0000                	.insn	2, 0x
    1754:	0501                	.insn	2, 0x0501
    1756:	000c                	.insn	2, 0x000c
    1758:	0402                	.insn	2, 0x0402
    175a:	0301                	.insn	2, 0x0301
    175c:	0950                	.insn	2, 0x0950
    175e:	0008                	.insn	2, 0x0008
    1760:	0501                	.insn	2, 0x0501
    1762:	0012                	.insn	2, 0x0012
    1764:	0402                	.insn	2, 0x0402
    1766:	0301                	.insn	2, 0x0301
    1768:	0900                	.insn	2, 0x0900
    176a:	0004                	.insn	2, 0x0004
    176c:	0401                	.insn	2, 0x0401
    176e:	0502                	.insn	2, 0x0502
    1770:	09100303          	lb	t1,145(zero) # 91 <_prog_start-0xff6f>
    1774:	0004                	.insn	2, 0x0004
    1776:	0501                	.insn	2, 0x0501
    1778:	0602                	.insn	2, 0x0602
    177a:	04097e03          	.insn	4, 0x04097e03
    177e:	0100                	.insn	2, 0x0100
    1780:	00090103          	lb	sp,0(s2)
    1784:	0100                	.insn	2, 0x0100
    1786:	0305                	.insn	2, 0x0305
    1788:	00090103          	lb	sp,0(s2)
    178c:	0100                	.insn	2, 0x0100
    178e:	0d05                	.insn	2, 0x0d05
    1790:	0200                	.insn	2, 0x0200
    1792:	0104                	.insn	2, 0x0104
    1794:	04090403          	lb	s0,64(s2)
    1798:	0100                	.insn	2, 0x0100
    179a:	0104                	.insn	2, 0x0104
    179c:	1c05                	.insn	2, 0x1c05
    179e:	0200                	.insn	2, 0x0200
    17a0:	0204                	.insn	2, 0x0204
    17a2:	08096c03          	lwu	s8,128(s2)
    17a6:	0100                	.insn	2, 0x0100
    17a8:	0c05                	.insn	2, 0x0c05
    17aa:	0200                	.insn	2, 0x0200
    17ac:	0104                	.insn	2, 0x0104
    17ae:	0306                	.insn	2, 0x0306
    17b0:	0900                	.insn	2, 0x0900
    17b2:	0000                	.insn	2, 0x
    17b4:	0501                	.insn	2, 0x0501
    17b6:	001c                	.insn	2, 0x001c
    17b8:	0402                	.insn	2, 0x0402
    17ba:	0302                	.insn	2, 0x0302
    17bc:	0900                	.insn	2, 0x0900
    17be:	0004                	.insn	2, 0x0004
    17c0:	0501                	.insn	2, 0x0501
    17c2:	0012                	.insn	2, 0x0012
    17c4:	0402                	.insn	2, 0x0402
    17c6:	0601                	.insn	2, 0x0601
    17c8:	04090003          	lb	zero,64(s2)
    17cc:	0100                	.insn	2, 0x0100
    17ce:	0a05                	.insn	2, 0x0a05
    17d0:	08093903          	ld	s2,128(s2)
    17d4:	0100                	.insn	2, 0x0100
    17d6:	0d05                	.insn	2, 0x0d05
    17d8:	0306                	.insn	2, 0x0306
    17da:	0900                	.insn	2, 0x0900
    17dc:	0000                	.insn	2, 0x
    17de:	0501                	.insn	2, 0x0501
    17e0:	030e                	.insn	2, 0x030e
    17e2:	0901                	.insn	2, 0x0901
    17e4:	0004                	.insn	2, 0x0004
    17e6:	0401                	.insn	2, 0x0401
    17e8:	0502                	.insn	2, 0x0502
    17ea:	0602                	.insn	2, 0x0602
    17ec:	08095403          	lhu	s0,128(s2)
    17f0:	0100                	.insn	2, 0x0100
    17f2:	00090103          	lb	sp,0(s2)
    17f6:	0100                	.insn	2, 0x0100
    17f8:	0305                	.insn	2, 0x0305
    17fa:	00090103          	lb	sp,0(s2)
    17fe:	0100                	.insn	2, 0x0100
    1800:	0d05                	.insn	2, 0x0d05
    1802:	0200                	.insn	2, 0x0200
    1804:	0104                	.insn	2, 0x0104
    1806:	04090403          	lb	s0,64(s2)
    180a:	0100                	.insn	2, 0x0100
    180c:	0205                	.insn	2, 0x0205
    180e:	08097a03          	.insn	4, 0x08097a03
    1812:	0100                	.insn	2, 0x0100
    1814:	00090103          	lb	sp,0(s2)
    1818:	0100                	.insn	2, 0x0100
    181a:	0305                	.insn	2, 0x0305
    181c:	00090103          	lb	sp,0(s2)
    1820:	0100                	.insn	2, 0x0100
    1822:	0d05                	.insn	2, 0x0d05
    1824:	0200                	.insn	2, 0x0200
    1826:	0104                	.insn	2, 0x0104
    1828:	04090403          	lb	s0,64(s2)
    182c:	0100                	.insn	2, 0x0100
    182e:	0104                	.insn	2, 0x0104
    1830:	0605                	.insn	2, 0x0605
    1832:	0c091103          	lh	sp,192(s2)
    1836:	0100                	.insn	2, 0x0100
    1838:	0a05                	.insn	2, 0x0a05
    183a:	0306                	.insn	2, 0x0306
    183c:	0900                	.insn	2, 0x0900
    183e:	0000                	.insn	2, 0x
    1840:	0501                	.insn	2, 0x0501
    1842:	0008                	.insn	2, 0x0008
    1844:	0402                	.insn	2, 0x0402
    1846:	0301                	.insn	2, 0x0301
    1848:	0900                	.insn	2, 0x0900
    184a:	0004                	.insn	2, 0x0004
    184c:	0501                	.insn	2, 0x0501
    184e:	0606                	.insn	2, 0x0606
    1850:	04090103          	lb	sp,64(s2)
    1854:	0100                	.insn	2, 0x0100
    1856:	1605                	.insn	2, 0x1605
    1858:	0200                	.insn	2, 0x0200
    185a:	0204                	.insn	2, 0x0204
    185c:	0306                	.insn	2, 0x0306
    185e:	0900                	.insn	2, 0x0900
    1860:	0000                	.insn	2, 0x
    1862:	0301                	.insn	2, 0x0301
    1864:	0900                	.insn	2, 0x0900
    1866:	0004                	.insn	2, 0x0004
    1868:	0001                	.insn	2, 0x0001
    186a:	0402                	.insn	2, 0x0402
    186c:	0301                	.insn	2, 0x0301
    186e:	0900                	.insn	2, 0x0900
    1870:	0004                	.insn	2, 0x0004
    1872:	0501                	.insn	2, 0x0501
    1874:	0304                	.insn	2, 0x0304
    1876:	0971                	.insn	2, 0x0971
    1878:	0008                	.insn	2, 0x0008
    187a:	0501                	.insn	2, 0x0501
    187c:	030d                	.insn	2, 0x030d
    187e:	0902                	.insn	2, 0x0902
    1880:	0008                	.insn	2, 0x0008
    1882:	0901                	.insn	2, 0x0901
    1884:	0008                	.insn	2, 0x0008
    1886:	0100                	.insn	2, 0x0100
    1888:	Address 0x1888 is out of bounds.


Disassembly of section .debug_line_str:

0000000000000000 <.debug_line_str>:
   0:	6d6f682f          	.insn	4, 0x6d6f682f
   4:	2f65                	.insn	2, 0x2f65
   6:	7a74                	.insn	2, 0x7a74
   8:	2f68                	.insn	2, 0x2f68
   a:	6174                	.insn	2, 0x6174
   c:	6570                	.insn	2, 0x6570
   e:	2d74756f          	jal	a0,47ae4 <dtb+0x36fe4>
  12:	6f56                	.insn	2, 0x6f56
  14:	6179                	.insn	2, 0x6179
  16:	2f726567          	.insn	4, 0x2f726567
  1a:	7066                	.insn	2, 0x7066
  1c:	732f6167          	.insn	4, 0x732f6167
  20:	6372                	.insn	2, 0x6372
  22:	69616d2f          	.insn	4, 0x69616d2f
  26:	2f6e                	.insn	2, 0x2f6e
  28:	6572                	.insn	2, 0x6572
  2a:	72756f73          	csrrsi	t5,mhpmevent7h,10
  2e:	2f736563          	bltu	t1,s7,318 <_prog_start-0xfce8>
  32:	6376                	.insn	2, 0x6376
  34:	3175                	.insn	2, 0x3175
  36:	3831                	.insn	2, 0x3831
  38:	6264732f          	.insn	4, 0x6264732f
  3c:	00746f6f          	jal	t5,46842 <dtb+0x35d42>
  40:	6568                	.insn	2, 0x6568
  42:	6461                	.insn	2, 0x6461
  44:	532e                	.insn	2, 0x532e
  46:	7300                	.insn	2, 0x7300
  48:	2e64                	.insn	2, 0x2e64
  4a:	682f0063          	beq	t5,sp,6ca <_prog_start-0xf936>
  4e:	2f656d6f          	jal	s10,56344 <dtb+0x45844>
  52:	7a74                	.insn	2, 0x7a74
  54:	2f68                	.insn	2, 0x2f68
  56:	6174                	.insn	2, 0x6174
  58:	6570                	.insn	2, 0x6570
  5a:	2d74756f          	jal	a0,47b30 <dtb+0x37030>
  5e:	6f56                	.insn	2, 0x6f56
  60:	6179                	.insn	2, 0x6179
  62:	2f726567          	.insn	4, 0x2f726567
  66:	632e                	.insn	2, 0x632e
  68:	61646e6f          	jal	t3,4667e <dtb+0x35b7e>
  6c:	652d                	.insn	2, 0x652d
  6e:	766e                	.insn	2, 0x766e
  70:	7369722f          	.insn	4, 0x7369722f
  74:	742d7663          	bgeu	s10,sp,7c0 <_prog_start-0xf840>
  78:	736c6f6f          	jal	t5,c67ae <dtb+0xb5cae>
  7c:	7369722f          	.insn	4, 0x7369722f
  80:	34367663          	bgeu	a2,gp,3cc <_prog_start-0xfc34>
  84:	752d                	.insn	2, 0x752d
  86:	6b6e                	.insn	2, 0x6b6e
  88:	6f6e                	.insn	2, 0x6f6e
  8a:	652d6e77          	.insn	4, 0x652d6e77
  8e:	666c                	.insn	2, 0x666c
  90:	636e692f          	.insn	4, 0x636e692f
  94:	756c                	.insn	2, 0x756c
  96:	6564                	.insn	2, 0x6564
  98:	63616d2f          	.insn	4, 0x63616d2f
  9c:	6968                	.insn	2, 0x6968
  9e:	656e                	.insn	2, 0x656e
  a0:	2f00                	.insn	2, 0x2f00
  a2:	6f68                	.insn	2, 0x6f68
  a4:	656d                	.insn	2, 0x656d
  a6:	687a742f          	.insn	4, 0x687a742f
  aa:	7061742f          	.insn	4, 0x7061742f
  ae:	6f65                	.insn	2, 0x6f65
  b0:	7475                	.insn	2, 0x7475
  b2:	562d                	.insn	2, 0x562d
  b4:	6761796f          	jal	s2,1772a <dtb+0x6c2a>
  b8:	7265                	.insn	2, 0x7265
  ba:	6f632e2f          	.insn	4, 0x6f632e2f
  be:	646e                	.insn	2, 0x646e
  c0:	2d61                	.insn	2, 0x2d61
  c2:	6e65                	.insn	2, 0x6e65
  c4:	2f76                	.insn	2, 0x2f76
  c6:	6972                	.insn	2, 0x6972
  c8:	2d766373          	csrrsi	t1,0x2d7,12
  cc:	6f74                	.insn	2, 0x6f74
  ce:	2f736c6f          	jal	s8,36bc4 <dtb+0x260c4>
  d2:	6972                	.insn	2, 0x6972
  d4:	36766373          	csrrsi	t1,0x367,12
  d8:	2d34                	.insn	2, 0x2d34
  da:	6e75                	.insn	2, 0x6e75
  dc:	776f6e6b          	.insn	4, 0x776f6e6b
  e0:	2d6e                	.insn	2, 0x2d6e
  e2:	6c65                	.insn	2, 0x6c65
  e4:	2f66                	.insn	2, 0x2f66
  e6:	6e69                	.insn	2, 0x6e69
  e8:	64756c63          	bltu	a0,t2,740 <_prog_start-0xf8c0>
  ec:	2f65                	.insn	2, 0x2f65
  ee:	00737973          	csrrci	s2,0x7,6
  f2:	6972706b          	.insn	4, 0x6972706b
  f6:	746e                	.insn	2, 0x746e
  f8:	2e66                	.insn	2, 0x2e66
  fa:	0068                	.insn	2, 0x0068
  fc:	645f 6665 7561      	.insn	6, 0x75616665645f
 102:	746c                	.insn	2, 0x746c
 104:	745f 7079 7365      	.insn	6, 0x73657079745f
 10a:	682e                	.insn	2, 0x682e
 10c:	5f00                	.insn	2, 0x5f00
 10e:	69647473          	csrrci	s0,0x696,8
 112:	746e                	.insn	2, 0x746e
 114:	682e                	.insn	2, 0x682e
 116:	6b00                	.insn	2, 0x6b00
 118:	7270                	.insn	2, 0x7270
 11a:	6e69                	.insn	2, 0x6e69
 11c:	6674                	.insn	2, 0x6674
 11e:	632e                	.insn	2, 0x632e
 120:	2f00                	.insn	2, 0x2f00
 122:	6f68                	.insn	2, 0x6f68
 124:	656d                	.insn	2, 0x656d
 126:	687a742f          	.insn	4, 0x687a742f
 12a:	7061742f          	.insn	4, 0x7061742f
 12e:	6f65                	.insn	2, 0x6f65
 130:	7475                	.insn	2, 0x7475
 132:	562d                	.insn	2, 0x562d
 134:	6761796f          	jal	s2,177aa <dtb+0x6caa>
 138:	7265                	.insn	2, 0x7265
 13a:	6f632e2f          	.insn	4, 0x6f632e2f
 13e:	646e                	.insn	2, 0x646e
 140:	2d61                	.insn	2, 0x2d61
 142:	6e65                	.insn	2, 0x6e65
 144:	2f76                	.insn	2, 0x2f76
 146:	6972                	.insn	2, 0x6972
 148:	2d766373          	csrrsi	t1,0x2d7,12
 14c:	6f74                	.insn	2, 0x6f74
 14e:	2f736c6f          	jal	s8,36c44 <dtb+0x26144>
 152:	696c                	.insn	2, 0x696c
 154:	2f62                	.insn	2, 0x2f62
 156:	2f636367          	.insn	4, 0x2f636367
 15a:	6972                	.insn	2, 0x6972
 15c:	36766373          	csrrsi	t1,0x367,12
 160:	2d34                	.insn	2, 0x2d34
 162:	6e75                	.insn	2, 0x6e75
 164:	776f6e6b          	.insn	4, 0x776f6e6b
 168:	2d6e                	.insn	2, 0x2d6e
 16a:	6c65                	.insn	2, 0x6c65
 16c:	2f66                	.insn	2, 0x2f66
 16e:	3331                	.insn	2, 0x3331
 170:	322e                	.insn	2, 0x322e
 172:	302e                	.insn	2, 0x302e
 174:	636e692f          	.insn	4, 0x636e692f
 178:	756c                	.insn	2, 0x756c
 17a:	6564                	.insn	2, 0x6564
 17c:	7300                	.insn	2, 0x7300
 17e:	6474                	.insn	2, 0x6474
 180:	7261                	.insn	2, 0x7261
 182:	00682e67          	.insn	4, 0x00682e67

Disassembly of section .debug_info:

0000000000000000 <.debug_info>:
       0:	0025                	.insn	2, 0x0025
       2:	0000                	.insn	2, 0x
       4:	0005                	.insn	2, 0x0005
       6:	0801                	.insn	2, 0x0801
       8:	0000                	.insn	2, 0x
       a:	0000                	.insn	2, 0x
       c:	0001                	.insn	2, 0x0001
       e:	0000                	.insn	2, 0x
      10:	0000                	.insn	2, 0x
      12:	0100                	.insn	2, 0x0100
      14:	0000                	.insn	2, 0x
      16:	0000                	.insn	2, 0x
      18:	b800                	.insn	2, 0xb800
      1a:	0001                	.insn	2, 0x0001
      1c:	0000                	.insn	2, 0x
      1e:	0700                	.insn	2, 0x0700
      20:	0000                	.insn	2, 0x
      22:	4700                	.insn	2, 0x4700
      24:	0000                	.insn	2, 0x
      26:	0100                	.insn	2, 0x0100
      28:	1a80                	.insn	2, 0x1a80
      2a:	0010                	.insn	2, 0x0010
      2c:	0500                	.insn	2, 0x0500
      2e:	0100                	.insn	2, 0x0100
      30:	1408                	.insn	2, 0x1408
      32:	0000                	.insn	2, 0x
      34:	1b00                	.insn	2, 0x1b00
      36:	0106                	.insn	2, 0x0106
      38:	0000                	.insn	2, 0x
      3a:	471d                	.insn	2, 0x471d
      3c:	0000                	.insn	2, 0x
      3e:	0000                	.insn	2, 0x
      40:	0000                	.insn	2, 0x
      42:	0500                	.insn	2, 0x0500
      44:	0002                	.insn	2, 0x0002
	...
      4e:	9800                	.insn	2, 0x9800
      50:	0000                	.insn	2, 0x
      52:	0c00                	.insn	2, 0x0c00
      54:	0601                	.insn	2, 0x0601
      56:	00a9                	.insn	2, 0x00a9
      58:	0000                	.insn	2, 0x
      5a:	5b0d                	.insn	2, 0x5b0d
      5c:	0000                	.insn	2, 0x
      5e:	0300                	.insn	2, 0x0300
      60:	003d182b          	.insn	4, 0x003d182b
      64:	0000                	.insn	2, 0x
      66:	010c                	.insn	2, 0x010c
      68:	a708                	.insn	2, 0xa708
      6a:	0000                	.insn	2, 0x
      6c:	0c00                	.insn	2, 0x0c00
      6e:	0502                	.insn	2, 0x0502
      70:	01b1                	.insn	2, 0x01b1
      72:	0000                	.insn	2, 0x
      74:	eb0d                	.insn	2, 0xeb0d
      76:	0000                	.insn	2, 0x
      78:	0300                	.insn	2, 0x0300
      7a:	1939                	.insn	2, 0x1939
      7c:	00000057          	.insn	4, 0x0057
      80:	020c                	.insn	2, 0x020c
      82:	0000d007          	.insn	4, 0xd007
      86:	0d00                	.insn	2, 0x0d00
      88:	006d                	.insn	2, 0x006d
      8a:	0000                	.insn	2, 0x
      8c:	6a184d03          	lbu	s10,1697(a6)
      90:	0000                	.insn	2, 0x
      92:	1c00                	.insn	2, 0x1c00
      94:	0504                	.insn	2, 0x0504
      96:	6e69                	.insn	2, 0x6e69
      98:	0074                	.insn	2, 0x0074
      9a:	fb0d                	.insn	2, 0xfb0d
      9c:	0000                	.insn	2, 0x
      9e:	0300                	.insn	2, 0x0300
      a0:	007d194f          	.insn	4, 0x007d194f
      a4:	0000                	.insn	2, 0x
      a6:	040c                	.insn	2, 0x040c
      a8:	0000c307          	.insn	4, 0xc307
      ac:	0c00                	.insn	2, 0x0c00
      ae:	0508                	.insn	2, 0x0508
      b0:	000001cb          	.insn	4, 0x01cb
      b4:	080c                	.insn	2, 0x080c
      b6:	0000be07          	.insn	4, 0xbe07
      ba:	0d00                	.insn	2, 0x0d00
      bc:	005d                	.insn	2, 0x005d
      be:	0000                	.insn	2, 0x
      c0:	1804                	.insn	2, 0x1804
      c2:	00003113          	sltiu	sp,zero,0
      c6:	1400                	.insn	2, 0x1400
      c8:	0092                	.insn	2, 0x0092
      ca:	0000                	.insn	2, 0x
      cc:	ed0d                	.insn	2, 0xed0d
      ce:	0000                	.insn	2, 0x
      d0:	0400                	.insn	2, 0x0400
      d2:	1424                	.insn	2, 0x1424
      d4:	0000004b          	.insn	4, 0x004b
      d8:	6f0d                	.insn	2, 0x6f0d
      da:	0000                	.insn	2, 0x
      dc:	0400                	.insn	2, 0x0400
      de:	132c                	.insn	2, 0x132c
      e0:	005e                	.insn	2, 0x005e
      e2:	0000                	.insn	2, 0x
      e4:	fd0d                	.insn	2, 0xfd0d
      e6:	0000                	.insn	2, 0x
      e8:	0400                	.insn	2, 0x0400
      ea:	1430                	.insn	2, 0x1430
      ec:	0071                	.insn	2, 0x0071
      ee:	0000                	.insn	2, 0x
      f0:	bb14                	.insn	2, 0xbb14
      f2:	0000                	.insn	2, 0x
      f4:	1d00                	.insn	2, 0x1d00
      f6:	01c6                	.insn	2, 0x01c6
      f8:	0000                	.insn	2, 0x
      fa:	1302                	.insn	2, 0x1302
      fc:	e122                	.insn	2, 0xe122
      fe:	0000                	.insn	2, 0x
     100:	0000                	.insn	2, 0x
     102:	0000                	.insn	2, 0x
     104:	0f64                	.insn	2, 0x0f64
     106:	000000c7          	.insn	4, 0x00c7
     10a:	dc10                	.insn	2, 0xdc10
     10c:	0000                	.insn	2, 0x
     10e:	1e00                	.insn	2, 0x1e00
     110:	00697073          	csrci	0x6,18
     114:	2401                	.insn	2, 0x2401
     116:	e122                	.insn	2, 0xe122
     118:	0000                	.insn	2, 0x
     11a:	0000                	.insn	2, 0x
     11c:	0010                	.insn	2, 0x0010
     11e:	1f64                	.insn	2, 0x1f64
     120:	0112                	.insn	2, 0x0112
     122:	0000                	.insn	2, 0x
     124:	0106                	.insn	2, 0x0106
     126:	0000                	.insn	2, 0x
     128:	8b20                	.insn	2, 0x8b20
     12a:	0000                	.insn	2, 0x
     12c:	0300                	.insn	2, 0x0300
     12e:	1000                	.insn	2, 0x1000
     130:	00f6                	.insn	2, 0x00f6
     132:	0000                	.insn	2, 0x
     134:	010c                	.insn	2, 0x010c
     136:	b008                	.insn	2, 0xb008
     138:	0000                	.insn	2, 0x
     13a:	1000                	.insn	2, 0x1000
     13c:	0000010b          	.insn	4, 0x010b
     140:	5321                	.insn	2, 0x5321
     142:	0000                	.insn	2, 0x
     144:	0100                	.insn	2, 0x0100
     146:	010613af          	.insn	4, 0x010613af
     14a:	0000                	.insn	2, 0x
     14c:	0309                	.insn	2, 0x0309
     14e:	09f8                	.insn	2, 0x09f8
     150:	0001                	.insn	2, 0x0001
     152:	0000                	.insn	2, 0x
     154:	0000                	.insn	2, 0x
     156:	8815                	.insn	2, 0x8815
     158:	0000                	.insn	2, 0x
     15a:	2700                	.insn	2, 0x2700
     15c:	013e                	.insn	2, 0x013e
     15e:	0000                	.insn	2, 0x
     160:	3e16                	.insn	2, 0x3e16
     162:	0001                	.insn	2, 0x0001
     164:	2200                	.insn	2, 0x2200
     166:	0f00                	.insn	2, 0x0f00
     168:	0112                	.insn	2, 0x0112
     16a:	0000                	.insn	2, 0x
     16c:	2e15                	.insn	2, 0x2e15
     16e:	0002                	.insn	2, 0x0002
     170:	2600                	.insn	2, 0x2600
     172:	00000153          	.insn	4, 0x0153
     176:	3e16                	.insn	2, 0x3e16
     178:	0001                	.insn	2, 0x0001
     17a:	0000                	.insn	2, 0x
     17c:	00018e23          	sb	zero,28(gp)
     180:	0100                	.insn	2, 0x0100
     182:	05e4                	.insn	2, 0x05e4
     184:	006a                	.insn	2, 0x006a
     186:	0000                	.insn	2, 0x
     188:	01ec                	.insn	2, 0x01ec
     18a:	0001                	.insn	2, 0x0001
     18c:	0000                	.insn	2, 0x
     18e:	0000                	.insn	2, 0x
     190:	05ec                	.insn	2, 0x05ec
     192:	0000                	.insn	2, 0x
     194:	0000                	.insn	2, 0x
     196:	0000                	.insn	2, 0x
     198:	9c01                	.insn	2, 0x9c01
     19a:	0c51                	.insn	2, 0x0c51
     19c:	0000                	.insn	2, 0x
     19e:	7204                	.insn	2, 0x7204
     1a0:	000d                	.insn	2, 0x000d
     1a2:	1000                	.insn	2, 0x1000
     1a4:	0102                	.insn	2, 0x0102
     1a6:	0000                	.insn	2, 0x
     1a8:	0000                	.insn	2, 0x
     1aa:	5000                	.insn	2, 0x5000
     1ac:	0000                	.insn	2, 0x
     1ae:	0000                	.insn	2, 0x
     1b0:	0000                	.insn	2, 0x
     1b2:	e900                	.insn	2, 0xe900
     1b4:	da02                	.insn	2, 0xda02
     1b6:	0001                	.insn	2, 0x0001
     1b8:	0100                	.insn	2, 0x0100
     1ba:	0d7f 0000 000c 0000 	.insn	10, 0xc2060000000c00000d7f
     1c2:	c206 
     1c4:	2800000f          	.insn	4, 0x2800000f
     1c8:	0102                	.insn	2, 0x0102
     1ca:	0000                	.insn	2, 0x
     1cc:	0000                	.insn	2, 0x
     1ce:	4f00                	.insn	2, 0x4f00
     1d0:	0000                	.insn	2, 0x
     1d2:	6000                	.insn	2, 0x6000
     1d4:	0fcf0603          	lb	a2,252(t5)
     1d8:	0000                	.insn	2, 0x
     1da:	0228                	.insn	2, 0x0228
     1dc:	0001                	.insn	2, 0x0001
     1de:	0000                	.insn	2, 0x
     1e0:	0000                	.insn	2, 0x
     1e2:	0000004f          	.insn	4, 0x004f
     1e6:	df030933          	.insn	4, 0xdf030933
     1ea:	1a00000f          	.insn	4, 0x1a00000f
     1ee:	0000                	.insn	2, 0x
     1f0:	0700                	.insn	2, 0x0700
     1f2:	0000004f          	.insn	4, 0x004f
     1f6:	e901                	.insn	2, 0xe901
     1f8:	2900000f          	.insn	4, 0x2900000f
     1fc:	0000                	.insn	2, 0x
     1fe:	0000                	.insn	2, 0x
     200:	0000                	.insn	2, 0x
     202:	0500                	.insn	2, 0x0500
     204:	0d56                	.insn	2, 0x0d56
     206:	0000                	.insn	2, 0x
     208:	0260                	.insn	2, 0x0260
     20a:	0001                	.insn	2, 0x0001
     20c:	0000                	.insn	2, 0x
     20e:	0000                	.insn	2, 0x
     210:	0065                	.insn	2, 0x0065
     212:	0000                	.insn	2, 0x
     214:	06ea                	.insn	2, 0x06ea
     216:	00000297          	auipc	t0,0x0
     21a:	00006507          	.insn	4, 0x6507
     21e:	0100                	.insn	2, 0x0100
     220:	0d66                	.insn	2, 0x0d66
     222:	0000                	.insn	2, 0x
     224:	0036                	.insn	2, 0x0036
     226:	0000                	.insn	2, 0x
     228:	8a05                	.insn	2, 0x8a05
     22a:	000d                	.insn	2, 0x000d
     22c:	7c00                	.insn	2, 0x7c00
     22e:	0102                	.insn	2, 0x0102
     230:	0000                	.insn	2, 0x
     232:	0000                	.insn	2, 0x
     234:	7500                	.insn	2, 0x7500
     236:	0000                	.insn	2, 0x
     238:	6a00                	.insn	2, 0x6a00
     23a:	5702                	.insn	2, 0x5702
     23c:	0002                	.insn	2, 0x0002
     23e:	0600                	.insn	2, 0x0600
     240:	0fc2                	.insn	2, 0x0fc2
     242:	0000                	.insn	2, 0x
     244:	027c                	.insn	2, 0x027c
     246:	0001                	.insn	2, 0x0001
     248:	0000                	.insn	2, 0x
     24a:	0000                	.insn	2, 0x
     24c:	0088                	.insn	2, 0x0088
     24e:	0000                	.insn	2, 0x
     250:	cf060253          	.insn	4, 0xcf060253
     254:	7c00000f          	.insn	4, 0x7c00000f
     258:	0102                	.insn	2, 0x0102
     25a:	0000                	.insn	2, 0x
     25c:	0000                	.insn	2, 0x
     25e:	8800                	.insn	2, 0x8800
     260:	0000                	.insn	2, 0x
     262:	3300                	.insn	2, 0x3300
     264:	0309                	.insn	2, 0x0309
     266:	0fdf 0000 004d      	.insn	6, 0x004d00000fdf
     26c:	0000                	.insn	2, 0x
     26e:	00008807          	.insn	4, 0x8807
     272:	0100                	.insn	2, 0x0100
     274:	0fe9                	.insn	2, 0x0fe9
     276:	0000                	.insn	2, 0x
     278:	005c                	.insn	2, 0x005c
     27a:	0000                	.insn	2, 0x
     27c:	0000                	.insn	2, 0x
     27e:	0000                	.insn	2, 0x
     280:	6c0a                	.insn	2, 0x6c0a
     282:	0102                	.insn	2, 0x0102
     284:	0000                	.insn	2, 0x
     286:	0000                	.insn	2, 0x
     288:	4300                	.insn	2, 0x4300
     28a:	0001                	.insn	2, 0x0001
     28c:	7600                	.insn	2, 0x7600
     28e:	0002                	.insn	2, 0x0002
     290:	0200                	.insn	2, 0x0200
     292:	5a01                	.insn	2, 0x5a01
     294:	0309                	.insn	2, 0x0309
     296:	0a18                	.insn	2, 0x0a18
     298:	0001                	.insn	2, 0x0001
     29a:	0000                	.insn	2, 0x
     29c:	0000                	.insn	2, 0x
     29e:	0b00                	.insn	2, 0x0b00
     2a0:	027c                	.insn	2, 0x027c
     2a2:	0001                	.insn	2, 0x0001
     2a4:	0000                	.insn	2, 0x
     2a6:	0000                	.insn	2, 0x
     2a8:	0d92                	.insn	2, 0x0d92
     2aa:	0000                	.insn	2, 0x
     2ac:	0102                	.insn	2, 0x0102
     2ae:	025a                	.insn	2, 0x025a
     2b0:	4008                	.insn	2, 0x4008
     2b2:	0102                	.insn	2, 0x0102
     2b4:	0230015b          	.insn	4, 0x0230015b
     2b8:	5c01                	.insn	2, 0x5c01
     2ba:	0902                	.insn	2, 0x0902
     2bc:	0095                	.insn	2, 0x0095
     2be:	0000                	.insn	2, 0x
     2c0:	3a04                	.insn	2, 0x3a04
     2c2:	000d                	.insn	2, 0x000d
     2c4:	a800                	.insn	2, 0xa800
     2c6:	0102                	.insn	2, 0x0102
     2c8:	0000                	.insn	2, 0x
     2ca:	0000                	.insn	2, 0x
     2cc:	f000                	.insn	2, 0xf000
     2ce:	0000                	.insn	2, 0x
     2d0:	0000                	.insn	2, 0x
     2d2:	0000                	.insn	2, 0x
     2d4:	eb00                	.insn	2, 0xeb00
     2d6:	6806                	.insn	2, 0x6806
     2d8:	0004                	.insn	2, 0x0004
     2da:	0100                	.insn	2, 0x0100
     2dc:	0d4a                	.insn	2, 0x0d4a
     2de:	0000                	.insn	2, 0x
     2e0:	0069                	.insn	2, 0x0069
     2e2:	0000                	.insn	2, 0x
     2e4:	c205                	.insn	2, 0xc205
     2e6:	d000000f          	.insn	4, 0xd000000f
     2ea:	0102                	.insn	2, 0x0102
     2ec:	0000                	.insn	2, 0x
     2ee:	0000                	.insn	2, 0x
     2f0:	9800                	.insn	2, 0x9800
     2f2:	0000                	.insn	2, 0x
     2f4:	7300                	.insn	2, 0x7300
     2f6:	ff02                	.insn	2, 0xff02
     2f8:	0002                	.insn	2, 0x0002
     2fa:	0600                	.insn	2, 0x0600
     2fc:	00000fcf          	.insn	4, 0x0fcf
     300:	02d0                	.insn	2, 0x02d0
     302:	0001                	.insn	2, 0x0001
     304:	0000                	.insn	2, 0x
     306:	0000                	.insn	2, 0x
     308:	0098                	.insn	2, 0x0098
     30a:	0000                	.insn	2, 0x
     30c:	df030933          	.insn	4, 0xdf030933
     310:	9700000f          	.insn	4, 0x9700000f
     314:	0000                	.insn	2, 0x
     316:	0700                	.insn	2, 0x0700
     318:	0098                	.insn	2, 0x0098
     31a:	0000                	.insn	2, 0x
     31c:	e901                	.insn	2, 0xe901
     31e:	a600000f          	.insn	4, 0xa600000f
     322:	0000                	.insn	2, 0x
     324:	0000                	.insn	2, 0x
     326:	0000                	.insn	2, 0x
     328:	c204                	.insn	2, 0xc204
     32a:	f000000f          	.insn	4, 0xf000000f
     32e:	0102                	.insn	2, 0x0102
     330:	0000                	.insn	2, 0x
     332:	0000                	.insn	2, 0x
     334:	1c00                	.insn	2, 0x1c00
     336:	0000                	.insn	2, 0x
     338:	0000                	.insn	2, 0x
     33a:	0000                	.insn	2, 0x
     33c:	7400                	.insn	2, 0x7400
     33e:	4502                	.insn	2, 0x4502
     340:	09000003          	lb	zero,144(zero) # 90 <_prog_start-0xff70>
     344:	00000fcf          	.insn	4, 0x0fcf
     348:	02f0                	.insn	2, 0x02f0
     34a:	0001                	.insn	2, 0x0001
     34c:	0000                	.insn	2, 0x
     34e:	0000                	.insn	2, 0x
     350:	001c                	.insn	2, 0x001c
     352:	0000                	.insn	2, 0x
     354:	0000                	.insn	2, 0x
     356:	0000                	.insn	2, 0x
     358:	df030933          	.insn	4, 0xdf030933
     35c:	b300000f          	.insn	4, 0xb300000f
     360:	0000                	.insn	2, 0x
     362:	0100                	.insn	2, 0x0100
     364:	0fe9                	.insn	2, 0x0fe9
     366:	0000                	.insn	2, 0x
     368:	00c2                	.insn	2, 0x00c2
     36a:	0000                	.insn	2, 0x
     36c:	0000                	.insn	2, 0x
     36e:	c204                	.insn	2, 0xc204
     370:	0c00000f          	fence	io,unknown
     374:	00000103          	lb	sp,0(zero) # 0 <_prog_start-0x10000>
     378:	0000                	.insn	2, 0x
     37a:	2000                	.insn	2, 0x2000
     37c:	0000                	.insn	2, 0x
     37e:	0000                	.insn	2, 0x
     380:	0000                	.insn	2, 0x
     382:	7500                	.insn	2, 0x7500
     384:	8b0a                	.insn	2, 0x8b0a
     386:	09000003          	lb	zero,144(zero) # 90 <_prog_start-0xff70>
     38a:	00000fcf          	.insn	4, 0x0fcf
     38e:	030c                	.insn	2, 0x030c
     390:	0001                	.insn	2, 0x0001
     392:	0000                	.insn	2, 0x
     394:	0000                	.insn	2, 0x
     396:	0020                	.insn	2, 0x0020
     398:	0000                	.insn	2, 0x
     39a:	0000                	.insn	2, 0x
     39c:	0000                	.insn	2, 0x
     39e:	df030933          	.insn	4, 0xdf030933
     3a2:	cf00000f          	.insn	4, 0xcf00000f
     3a6:	0000                	.insn	2, 0x
     3a8:	0100                	.insn	2, 0x0100
     3aa:	0fe9                	.insn	2, 0x0fe9
     3ac:	0000                	.insn	2, 0x
     3ae:	00de                	.insn	2, 0x00de
     3b0:	0000                	.insn	2, 0x
     3b2:	0000                	.insn	2, 0x
     3b4:	c205                	.insn	2, 0xc205
     3b6:	3400000f          	.insn	4, 0x3400000f
     3ba:	00000103          	lb	sp,0(zero) # 0 <_prog_start-0x10000>
     3be:	0000                	.insn	2, 0x
     3c0:	a800                	.insn	2, 0xa800
     3c2:	0000                	.insn	2, 0x
     3c4:	7600                	.insn	2, 0x7600
     3c6:	cf09                	.insn	2, 0xcf09
     3c8:	06000003          	lb	zero,96(zero) # 60 <_prog_start-0xffa0>
     3cc:	00000fcf          	.insn	4, 0x0fcf
     3d0:	0334                	.insn	2, 0x0334
     3d2:	0001                	.insn	2, 0x0001
     3d4:	0000                	.insn	2, 0x
     3d6:	0000                	.insn	2, 0x
     3d8:	00a8                	.insn	2, 0x00a8
     3da:	0000                	.insn	2, 0x
     3dc:	df030933          	.insn	4, 0xdf030933
     3e0:	eb00000f          	.insn	4, 0xeb00000f
     3e4:	0000                	.insn	2, 0x
     3e6:	0700                	.insn	2, 0x0700
     3e8:	00a8                	.insn	2, 0x00a8
     3ea:	0000                	.insn	2, 0x
     3ec:	e901                	.insn	2, 0xe901
     3ee:	fa00000f          	.insn	4, 0xfa00000f
     3f2:	0000                	.insn	2, 0x
     3f4:	0000                	.insn	2, 0x
     3f6:	0000                	.insn	2, 0x
     3f8:	8a05                	.insn	2, 0x8a05
     3fa:	000d                	.insn	2, 0x000d
     3fc:	6c00                	.insn	2, 0x6c00
     3fe:	00000103          	lb	sp,0(zero) # 0 <_prog_start-0x10000>
     402:	0000                	.insn	2, 0x
     404:	b800                	.insn	2, 0xb800
     406:	0000                	.insn	2, 0x
     408:	7700                	.insn	2, 0x7700
     40a:	2702                	.insn	2, 0x2702
     40c:	0004                	.insn	2, 0x0004
     40e:	0600                	.insn	2, 0x0600
     410:	0fc2                	.insn	2, 0x0fc2
     412:	0000                	.insn	2, 0x
     414:	036c                	.insn	2, 0x036c
     416:	0001                	.insn	2, 0x0001
     418:	0000                	.insn	2, 0x
     41a:	0000                	.insn	2, 0x
     41c:	000000cb          	.insn	4, 0x00cb
     420:	cf060253          	.insn	4, 0xcf060253
     424:	6c00000f          	.insn	4, 0x6c00000f
     428:	00000103          	lb	sp,0(zero) # 0 <_prog_start-0x10000>
     42c:	0000                	.insn	2, 0x
     42e:	cb00                	.insn	2, 0xcb00
     430:	0000                	.insn	2, 0x
     432:	3300                	.insn	2, 0x3300
     434:	0309                	.insn	2, 0x0309
     436:	0fdf 0000 0107      	.insn	6, 0x010700000fdf
     43c:	0000                	.insn	2, 0x
     43e:	0000cb07          	.insn	4, 0xcb07
     442:	0100                	.insn	2, 0x0100
     444:	0fe9                	.insn	2, 0x0fe9
     446:	0000                	.insn	2, 0x
     448:	0116                	.insn	2, 0x0116
     44a:	0000                	.insn	2, 0x
     44c:	0000                	.insn	2, 0x
     44e:	0000                	.insn	2, 0x
     450:	b80a                	.insn	2, 0xb80a
     452:	0102                	.insn	2, 0x0102
     454:	0000                	.insn	2, 0x
     456:	0000                	.insn	2, 0x
     458:	4300                	.insn	2, 0x4300
     45a:	0001                	.insn	2, 0x0001
     45c:	4600                	.insn	2, 0x4600
     45e:	0004                	.insn	2, 0x0004
     460:	0200                	.insn	2, 0x0200
     462:	5a01                	.insn	2, 0x5a01
     464:	0309                	.insn	2, 0x0309
     466:	0a20                	.insn	2, 0x0a20
     468:	0001                	.insn	2, 0x0001
     46a:	0000                	.insn	2, 0x
     46c:	0000                	.insn	2, 0x
     46e:	0b00                	.insn	2, 0x0b00
     470:	02c8                	.insn	2, 0x02c8
     472:	0001                	.insn	2, 0x0001
     474:	0000                	.insn	2, 0x
     476:	0000                	.insn	2, 0x
     478:	0d92                	.insn	2, 0x0d92
     47a:	0000                	.insn	2, 0x
     47c:	0102                	.insn	2, 0x0102
     47e:	025a                	.insn	2, 0x025a
     480:	4808                	.insn	2, 0x4808
     482:	0102                	.insn	2, 0x0102
     484:	aa0a035b          	.insn	4, 0xaa0a035b
     488:	0201                	.insn	2, 0x0201
     48a:	5c01                	.insn	2, 0x5c01
     48c:	0902                	.insn	2, 0x0902
     48e:	04000087          	.insn	4, 0x04000087
     492:	00000d17          	auipc	s10,0x0
     496:	03c8                	.insn	2, 0x03c8
     498:	0001                	.insn	2, 0x0001
     49a:	0000                	.insn	2, 0x
     49c:	0000                	.insn	2, 0x
     49e:	0060                	.insn	2, 0x0060
     4a0:	0000                	.insn	2, 0x
     4a2:	0000                	.insn	2, 0x
     4a4:	0000                	.insn	2, 0x
     4a6:	06ec                	.insn	2, 0x06ec
     4a8:	055c                	.insn	2, 0x055c
     4aa:	0000                	.insn	2, 0x
     4ac:	2701                	.insn	2, 0x2701
     4ae:	000d                	.insn	2, 0x000d
     4b0:	2300                	.insn	2, 0x2300
     4b2:	0001                	.insn	2, 0x0001
     4b4:	0500                	.insn	2, 0x0500
     4b6:	0d32                	.insn	2, 0x0d32
     4b8:	0000                	.insn	2, 0x
     4ba:	03d0                	.insn	2, 0x03d0
     4bc:	0001                	.insn	2, 0x0001
     4be:	0000                	.insn	2, 0x
     4c0:	0000                	.insn	2, 0x
     4c2:	000000db          	.insn	4, 0x00db
     4c6:	0386                	.insn	2, 0x0386
     4c8:	0000051b          	sext.w	a0,zero
     4cc:	8a05                	.insn	2, 0x8a05
     4ce:	000d                	.insn	2, 0x000d
     4d0:	d000                	.insn	2, 0xd000
     4d2:	00000103          	lb	sp,0(zero) # 0 <_prog_start-0x10000>
     4d6:	0000                	.insn	2, 0x
     4d8:	f100                	.insn	2, 0xf100
     4da:	0000                	.insn	2, 0x
     4dc:	7e00                	.insn	2, 0x7e00
     4de:	fb02                	.insn	2, 0xfb02
     4e0:	0004                	.insn	2, 0x0004
     4e2:	0600                	.insn	2, 0x0600
     4e4:	0fc2                	.insn	2, 0x0fc2
     4e6:	0000                	.insn	2, 0x
     4e8:	03d0                	.insn	2, 0x03d0
     4ea:	0001                	.insn	2, 0x0001
     4ec:	0000                	.insn	2, 0x
     4ee:	0000                	.insn	2, 0x
     4f0:	00000107          	.insn	4, 0x0107
     4f4:	cf060253          	.insn	4, 0xcf060253
     4f8:	d000000f          	.insn	4, 0xd000000f
     4fc:	00000103          	lb	sp,0(zero) # 0 <_prog_start-0x10000>
     500:	0000                	.insn	2, 0x
     502:	0700                	.insn	2, 0x0700
     504:	0001                	.insn	2, 0x0001
     506:	3300                	.insn	2, 0x3300
     508:	0309                	.insn	2, 0x0309
     50a:	0fdf 0000 0130      	.insn	6, 0x013000000fdf
     510:	0000                	.insn	2, 0x
     512:	00010707          	.insn	4, 0x00010707
     516:	0100                	.insn	2, 0x0100
     518:	0fe9                	.insn	2, 0x0fe9
     51a:	0000                	.insn	2, 0x
     51c:	0000013f 00000000 	.insn	8, 0x013f
     524:	0104040b          	.insn	4, 0x0104040b
     528:	0000                	.insn	2, 0x
     52a:	0000                	.insn	2, 0x
     52c:	9200                	.insn	2, 0x9200
     52e:	000d                	.insn	2, 0x000d
     530:	0200                	.insn	2, 0x0200
     532:	5a01                	.insn	2, 0x5a01
     534:	0802                	.insn	2, 0x0802
     536:	5b010277          	.insn	4, 0x5b010277
     53a:	3001                	.insn	2, 0x3001
     53c:	0102                	.insn	2, 0x0102
     53e:	025c                	.insn	2, 0x025c
     540:	6508                	.insn	2, 0x6508
     542:	0000                	.insn	2, 0x
     544:	e80a                	.insn	2, 0xe80a
     546:	00000103          	lb	sp,0(zero) # 0 <_prog_start-0x10000>
     54a:	0000                	.insn	2, 0x
     54c:	4300                	.insn	2, 0x4300
     54e:	0001                	.insn	2, 0x0001
     550:	3a00                	.insn	2, 0x3a00
     552:	0005                	.insn	2, 0x0005
     554:	0200                	.insn	2, 0x0200
     556:	5a01                	.insn	2, 0x5a01
     558:	0309                	.insn	2, 0x0309
     55a:	0a28                	.insn	2, 0x0a28
     55c:	0001                	.insn	2, 0x0001
     55e:	0000                	.insn	2, 0x
     560:	0000                	.insn	2, 0x
     562:	0b00                	.insn	2, 0x0b00
     564:	0424                	.insn	2, 0x0424
     566:	0001                	.insn	2, 0x0001
     568:	0000                	.insn	2, 0x
     56a:	0000                	.insn	2, 0x
     56c:	0d92                	.insn	2, 0x0d92
     56e:	0000                	.insn	2, 0x
     570:	0102                	.insn	2, 0x0102
     572:	025a                	.insn	2, 0x025a
     574:	6908                	.insn	2, 0x6908
     576:	0102                	.insn	2, 0x0102
     578:	4a40035b          	.insn	4, 0x4a40035b
     57c:	0224                	.insn	2, 0x0224
     57e:	5c01                	.insn	2, 0x5c01
     580:	0802                	.insn	2, 0x0802
     582:	04000077          	.insn	4, 0x04000077
     586:	00000cfb          	.insn	4, 0x0cfb
     58a:	0440                	.insn	2, 0x0440
     58c:	0001                	.insn	2, 0x0001
     58e:	0000                	.insn	2, 0x
     590:	0000                	.insn	2, 0x
     592:	00c8                	.insn	2, 0x00c8
     594:	0000                	.insn	2, 0x
     596:	0000                	.insn	2, 0x
     598:	0000                	.insn	2, 0x
     59a:	06ed                	.insn	2, 0x06ed
     59c:	0731                	.insn	2, 0x0731
     59e:	0000                	.insn	2, 0x
     5a0:	0b01                	.insn	2, 0x0b01
     5a2:	000d                	.insn	2, 0x000d
     5a4:	4c00                	.insn	2, 0x4c00
     5a6:	0001                	.insn	2, 0x0001
     5a8:	0500                	.insn	2, 0x0500
     5aa:	0fc2                	.insn	2, 0x0fc2
     5ac:	0000                	.insn	2, 0x
     5ae:	045c                	.insn	2, 0x045c
     5b0:	0001                	.insn	2, 0x0001
     5b2:	0000                	.insn	2, 0x
     5b4:	0000                	.insn	2, 0x
     5b6:	011d                	.insn	2, 0x011d
     5b8:	0000                	.insn	2, 0x
     5ba:	0a91                	.insn	2, 0x0a91
     5bc:	05c4                	.insn	2, 0x05c4
     5be:	0000                	.insn	2, 0x
     5c0:	cf06                	.insn	2, 0xcf06
     5c2:	5c00000f          	.insn	4, 0x5c00000f
     5c6:	0104                	.insn	2, 0x0104
     5c8:	0000                	.insn	2, 0x
     5ca:	0000                	.insn	2, 0x
     5cc:	1d00                	.insn	2, 0x1d00
     5ce:	0001                	.insn	2, 0x0001
     5d0:	3300                	.insn	2, 0x3300
     5d2:	0309                	.insn	2, 0x0309
     5d4:	0fdf 0000 016b      	.insn	6, 0x016b00000fdf
     5da:	0000                	.insn	2, 0x
     5dc:	00011d07          	.insn	4, 0x00011d07
     5e0:	0100                	.insn	2, 0x0100
     5e2:	0fe9                	.insn	2, 0x0fe9
     5e4:	0000                	.insn	2, 0x
     5e6:	017a                	.insn	2, 0x017a
     5e8:	0000                	.insn	2, 0x
     5ea:	0000                	.insn	2, 0x
     5ec:	0500                	.insn	2, 0x0500
     5ee:	0fc2                	.insn	2, 0x0fc2
     5f0:	0000                	.insn	2, 0x
     5f2:	048c                	.insn	2, 0x048c
     5f4:	0001                	.insn	2, 0x0001
     5f6:	0000                	.insn	2, 0x
     5f8:	0000                	.insn	2, 0x
     5fa:	012d                	.insn	2, 0x012d
     5fc:	0000                	.insn	2, 0x
     5fe:	0292                	.insn	2, 0x0292
     600:	0608                	.insn	2, 0x0608
     602:	0000                	.insn	2, 0x
     604:	cf06                	.insn	2, 0xcf06
     606:	8c00000f          	.insn	4, 0x8c00000f
     60a:	0104                	.insn	2, 0x0104
     60c:	0000                	.insn	2, 0x
     60e:	0000                	.insn	2, 0x
     610:	2d00                	.insn	2, 0x2d00
     612:	0001                	.insn	2, 0x0001
     614:	3300                	.insn	2, 0x3300
     616:	0309                	.insn	2, 0x0309
     618:	0fdf 0000 0187      	.insn	6, 0x018700000fdf
     61e:	0000                	.insn	2, 0x
     620:	00012d07          	.insn	4, 0x00012d07
     624:	0100                	.insn	2, 0x0100
     626:	0fe9                	.insn	2, 0x0fe9
     628:	0000                	.insn	2, 0x
     62a:	0196                	.insn	2, 0x0196
     62c:	0000                	.insn	2, 0x
     62e:	0000                	.insn	2, 0x
     630:	0400                	.insn	2, 0x0400
     632:	0fc2                	.insn	2, 0x0fc2
     634:	0000                	.insn	2, 0x
     636:	04ac                	.insn	2, 0x04ac
     638:	0001                	.insn	2, 0x0001
     63a:	0000                	.insn	2, 0x
     63c:	0000                	.insn	2, 0x
     63e:	001c                	.insn	2, 0x001c
     640:	0000                	.insn	2, 0x
     642:	0000                	.insn	2, 0x
     644:	0000                	.insn	2, 0x
     646:	064e0293          	addi	t0,t3,100 # 64000064 <dtb+0x63fef564>
     64a:	0000                	.insn	2, 0x
     64c:	cf09                	.insn	2, 0xcf09
     64e:	ac00000f          	.insn	4, 0xac00000f
     652:	0104                	.insn	2, 0x0104
     654:	0000                	.insn	2, 0x
     656:	0000                	.insn	2, 0x
     658:	1c00                	.insn	2, 0x1c00
     65a:	0000                	.insn	2, 0x
     65c:	0000                	.insn	2, 0x
     65e:	0000                	.insn	2, 0x
     660:	3300                	.insn	2, 0x3300
     662:	0309                	.insn	2, 0x0309
     664:	0fdf 0000 01a3      	.insn	6, 0x01a300000fdf
     66a:	0000                	.insn	2, 0x
     66c:	e901                	.insn	2, 0xe901
     66e:	b200000f          	.insn	4, 0xb200000f
     672:	0001                	.insn	2, 0x0001
     674:	0000                	.insn	2, 0x
     676:	0400                	.insn	2, 0x0400
     678:	0fc2                	.insn	2, 0x0fc2
     67a:	0000                	.insn	2, 0x
     67c:	04c8                	.insn	2, 0x04c8
     67e:	0001                	.insn	2, 0x0001
     680:	0000                	.insn	2, 0x
     682:	0000                	.insn	2, 0x
     684:	001c                	.insn	2, 0x001c
     686:	0000                	.insn	2, 0x
     688:	0000                	.insn	2, 0x
     68a:	0000                	.insn	2, 0x
     68c:	0294                	.insn	2, 0x0294
     68e:	0694                	.insn	2, 0x0694
     690:	0000                	.insn	2, 0x
     692:	cf09                	.insn	2, 0xcf09
     694:	c800000f          	.insn	4, 0xc800000f
     698:	0104                	.insn	2, 0x0104
     69a:	0000                	.insn	2, 0x
     69c:	0000                	.insn	2, 0x
     69e:	1c00                	.insn	2, 0x1c00
     6a0:	0000                	.insn	2, 0x
     6a2:	0000                	.insn	2, 0x
     6a4:	0000                	.insn	2, 0x
     6a6:	3300                	.insn	2, 0x3300
     6a8:	0309                	.insn	2, 0x0309
     6aa:	0fdf 0000 01bf      	.insn	6, 0x01bf00000fdf
     6b0:	0000                	.insn	2, 0x
     6b2:	e901                	.insn	2, 0xe901
     6b4:	ce00000f          	.insn	4, 0xce00000f
     6b8:	0001                	.insn	2, 0x0001
     6ba:	0000                	.insn	2, 0x
     6bc:	0400                	.insn	2, 0x0400
     6be:	0d8a                	.insn	2, 0x0d8a
     6c0:	0000                	.insn	2, 0x
     6c2:	04e4                	.insn	2, 0x04e4
     6c4:	0001                	.insn	2, 0x0001
     6c6:	0000                	.insn	2, 0x
     6c8:	0000                	.insn	2, 0x
     6ca:	0024                	.insn	2, 0x0024
     6cc:	0000                	.insn	2, 0x
     6ce:	0000                	.insn	2, 0x
     6d0:	0000                	.insn	2, 0x
     6d2:	0295                	.insn	2, 0x0295
     6d4:	06f2                	.insn	2, 0x06f2
     6d6:	0000                	.insn	2, 0x
     6d8:	c209                	.insn	2, 0xc209
     6da:	e400000f          	.insn	4, 0xe400000f
     6de:	0104                	.insn	2, 0x0104
     6e0:	0000                	.insn	2, 0x
     6e2:	0000                	.insn	2, 0x
     6e4:	1c00                	.insn	2, 0x1c00
     6e6:	0000                	.insn	2, 0x
     6e8:	0000                	.insn	2, 0x
     6ea:	0000                	.insn	2, 0x
     6ec:	5300                	.insn	2, 0x5300
     6ee:	0902                	.insn	2, 0x0902
     6f0:	00000fcf          	.insn	4, 0x0fcf
     6f4:	04e4                	.insn	2, 0x04e4
     6f6:	0001                	.insn	2, 0x0001
     6f8:	0000                	.insn	2, 0x
     6fa:	0000                	.insn	2, 0x
     6fc:	001c                	.insn	2, 0x001c
     6fe:	0000                	.insn	2, 0x
     700:	0000                	.insn	2, 0x
     702:	0000                	.insn	2, 0x
     704:	df030933          	.insn	4, 0xdf030933
     708:	db00000f          	.insn	4, 0xdb00000f
     70c:	0001                	.insn	2, 0x0001
     70e:	0100                	.insn	2, 0x0100
     710:	0fe9                	.insn	2, 0x0fe9
     712:	0000                	.insn	2, 0x
     714:	01ea                	.insn	2, 0x01ea
     716:	0000                	.insn	2, 0x
     718:	0000                	.insn	2, 0x
     71a:	0a00                	.insn	2, 0x0a00
     71c:	044c                	.insn	2, 0x044c
     71e:	0001                	.insn	2, 0x0001
     720:	0000                	.insn	2, 0x
     722:	0000                	.insn	2, 0x
     724:	00000143          	.insn	4, 0x0143
     728:	0711                	.insn	2, 0x0711
     72a:	0000                	.insn	2, 0x
     72c:	0102                	.insn	2, 0x0102
     72e:	095a                	.insn	2, 0x095a
     730:	010a3003          	ld	zero,16(s4)
     734:	0000                	.insn	2, 0x
     736:	0000                	.insn	2, 0x
     738:	0000                	.insn	2, 0x
     73a:	01045c0b          	.insn	4, 0x01045c0b
     73e:	0000                	.insn	2, 0x
     740:	0000                	.insn	2, 0x
     742:	9200                	.insn	2, 0x9200
     744:	000d                	.insn	2, 0x000d
     746:	0200                	.insn	2, 0x0200
     748:	5a01                	.insn	2, 0x5a01
     74a:	0802                	.insn	2, 0x0802
     74c:	027a                	.insn	2, 0x027a
     74e:	5b01                	.insn	2, 0x5b01
     750:	3001                	.insn	2, 0x3001
     752:	0102                	.insn	2, 0x0102
     754:	025c                	.insn	2, 0x025c
     756:	fd09                	.insn	2, 0xfd09
     758:	0000                	.insn	2, 0x
     75a:	df04                	.insn	2, 0xdf04
     75c:	000c                	.insn	2, 0x000c
     75e:	0c00                	.insn	2, 0x0c00
     760:	0105                	.insn	2, 0x0105
     762:	0000                	.insn	2, 0x
     764:	0000                	.insn	2, 0x
     766:	4400                	.insn	2, 0x4400
     768:	0000                	.insn	2, 0x
     76a:	0000                	.insn	2, 0x
     76c:	0000                	.insn	2, 0x
     76e:	ee00                	.insn	2, 0xee00
     770:	ed06                	.insn	2, 0xed06
     772:	01000007          	.insn	4, 0x01000007
     776:	00000cef          	jal	s9,776 <_prog_start-0xf88a>
     77a:	000001f7          	.insn	4, 0x01f7
     77e:	8a05                	.insn	2, 0x8a05
     780:	000d                	.insn	2, 0x000d
     782:	2800                	.insn	2, 0x2800
     784:	0105                	.insn	2, 0x0105
     786:	0000                	.insn	2, 0x
     788:	0000                	.insn	2, 0x
     78a:	3d00                	.insn	2, 0x3d00
     78c:	0001                	.insn	2, 0x0001
     78e:	9e00                	.insn	2, 0x9e00
     790:	ad02                	.insn	2, 0xad02
     792:	06000007          	.insn	4, 0x06000007
     796:	0fc2                	.insn	2, 0x0fc2
     798:	0000                	.insn	2, 0x
     79a:	0528                	.insn	2, 0x0528
     79c:	0001                	.insn	2, 0x0001
     79e:	0000                	.insn	2, 0x
     7a0:	0000                	.insn	2, 0x
     7a2:	014d                	.insn	2, 0x014d
     7a4:	0000                	.insn	2, 0x
     7a6:	cf060253          	.insn	4, 0xcf060253
     7aa:	2800000f          	.insn	4, 0x2800000f
     7ae:	0105                	.insn	2, 0x0105
     7b0:	0000                	.insn	2, 0x
     7b2:	0000                	.insn	2, 0x
     7b4:	4d00                	.insn	2, 0x4d00
     7b6:	0001                	.insn	2, 0x0001
     7b8:	3300                	.insn	2, 0x3300
     7ba:	0309                	.insn	2, 0x0309
     7bc:	0fdf 0000 020e      	.insn	6, 0x020e00000fdf
     7c2:	0000                	.insn	2, 0x
     7c4:	00014d07          	.insn	4, 0x00014d07
     7c8:	0100                	.insn	2, 0x0100
     7ca:	0fe9                	.insn	2, 0x0fe9
     7cc:	0000                	.insn	2, 0x
     7ce:	021d                	.insn	2, 0x021d
     7d0:	0000                	.insn	2, 0x
     7d2:	0000                	.insn	2, 0x
     7d4:	0000                	.insn	2, 0x
     7d6:	180a                	.insn	2, 0x180a
     7d8:	0105                	.insn	2, 0x0105
     7da:	0000                	.insn	2, 0x
     7dc:	0000                	.insn	2, 0x
     7de:	4300                	.insn	2, 0x4300
     7e0:	0001                	.insn	2, 0x0001
     7e2:	cc00                	.insn	2, 0xcc00
     7e4:	02000007          	.insn	4, 0x02000007
     7e8:	5a01                	.insn	2, 0x5a01
     7ea:	0309                	.insn	2, 0x0309
     7ec:	0a38                	.insn	2, 0x0a38
     7ee:	0001                	.insn	2, 0x0001
     7f0:	0000                	.insn	2, 0x
     7f2:	0000                	.insn	2, 0x
     7f4:	0b00                	.insn	2, 0x0b00
     7f6:	0528                	.insn	2, 0x0528
     7f8:	0001                	.insn	2, 0x0001
     7fa:	0000                	.insn	2, 0x
     7fc:	0000                	.insn	2, 0x
     7fe:	0d92                	.insn	2, 0x0d92
     800:	0000                	.insn	2, 0x
     802:	0102                	.insn	2, 0x0102
     804:	025a                	.insn	2, 0x025a
     806:	5008                	.insn	2, 0x5008
     808:	0102                	.insn	2, 0x0102
     80a:	000a035b          	.insn	4, 0x000a035b
     80e:	0202                	.insn	2, 0x0202
     810:	5c01                	.insn	2, 0x5c01
     812:	4501                	.insn	2, 0x4501
     814:	0000                	.insn	2, 0x
     816:	5105                	.insn	2, 0x5105
     818:	000c                	.insn	2, 0x000c
     81a:	5400                	.insn	2, 0x5400
     81c:	0105                	.insn	2, 0x0105
     81e:	0000                	.insn	2, 0x
     820:	0000                	.insn	2, 0x
     822:	5d00                	.insn	2, 0x5d00
     824:	0001                	.insn	2, 0x0001
     826:	ef00                	.insn	2, 0xef00
     828:	f706                	.insn	2, 0xf706
     82a:	0700000b          	.insn	4, 0x0700000b
     82e:	015d                	.insn	2, 0x015d
     830:	0000                	.insn	2, 0x
     832:	6101                	.insn	2, 0x6101
     834:	000c                	.insn	2, 0x000c
     836:	2a00                	.insn	2, 0x2a00
     838:	0002                	.insn	2, 0x0002
     83a:	0100                	.insn	2, 0x0100
     83c:	00000c6b          	.insn	4, 0x0c6b
     840:	025c                	.insn	2, 0x025c
     842:	0000                	.insn	2, 0x
     844:	7501                	.insn	2, 0x7501
     846:	000c                	.insn	2, 0x000c
     848:	8000                	.insn	2, 0x8000
     84a:	0002                	.insn	2, 0x0002
     84c:	1700                	.insn	2, 0x1700
     84e:	0c80                	.insn	2, 0x0c80
     850:	0000                	.insn	2, 0x
     852:	0170                	.insn	2, 0x0170
     854:	0000                	.insn	2, 0x
     856:	0a19                	.insn	2, 0x0a19
     858:	0000                	.insn	2, 0x
     85a:	8101                	.insn	2, 0x8101
     85c:	000c                	.insn	2, 0x000c
     85e:	b000                	.insn	2, 0xb000
     860:	0002                	.insn	2, 0x0002
     862:	0100                	.insn	2, 0x0100
     864:	0c8d                	.insn	2, 0x0c8d
     866:	0000                	.insn	2, 0x
     868:	000002d3          	.insn	4, 0x02d3
     86c:	9918                	.insn	2, 0x9918
     86e:	000c                	.insn	2, 0x000c
     870:	0500                	.insn	2, 0x0500
     872:	0fc2                	.insn	2, 0x0fc2
     874:	0000                	.insn	2, 0x
     876:	05a4                	.insn	2, 0x05a4
     878:	0001                	.insn	2, 0x0001
     87a:	0000                	.insn	2, 0x
     87c:	0000                	.insn	2, 0x
     87e:	0189                	.insn	2, 0x0189
     880:	0000                	.insn	2, 0x
     882:	088c0ac7          	.insn	4, 0x088c0ac7
     886:	0000                	.insn	2, 0x
     888:	cf06                	.insn	2, 0xcf06
     88a:	a400000f          	.insn	4, 0xa400000f
     88e:	0105                	.insn	2, 0x0105
     890:	0000                	.insn	2, 0x
     892:	0000                	.insn	2, 0x
     894:	8900                	.insn	2, 0x8900
     896:	0001                	.insn	2, 0x0001
     898:	3300                	.insn	2, 0x3300
     89a:	0309                	.insn	2, 0x0309
     89c:	0fdf 0000 02fe      	.insn	6, 0x02fe00000fdf
     8a2:	0000                	.insn	2, 0x
     8a4:	00018907          	.insn	4, 0x00018907
     8a8:	0100                	.insn	2, 0x0100
     8aa:	0fe9                	.insn	2, 0x0fe9
     8ac:	0000                	.insn	2, 0x
     8ae:	030d                	.insn	2, 0x030d
     8b0:	0000                	.insn	2, 0x
     8b2:	0000                	.insn	2, 0x
     8b4:	1700                	.insn	2, 0x1700
     8b6:	00000ca3          	sb	zero,25(zero) # 19 <_prog_start-0xffe7>
     8ba:	019c                	.insn	2, 0x019c
     8bc:	0000                	.insn	2, 0x
     8be:	0909                	.insn	2, 0x0909
     8c0:	0000                	.insn	2, 0x
     8c2:	a401                	.insn	2, 0xa401
     8c4:	000c                	.insn	2, 0x000c
     8c6:	1a00                	.insn	2, 0x1a00
     8c8:	05000003          	lb	zero,80(zero) # 50 <_prog_start-0xffb0>
     8cc:	0cb6                	.insn	2, 0x0cb6
     8ce:	0000                	.insn	2, 0x
     8d0:	05ac                	.insn	2, 0x05ac
     8d2:	0001                	.insn	2, 0x0001
     8d4:	0000                	.insn	2, 0x
     8d6:	0000                	.insn	2, 0x
     8d8:	01b5                	.insn	2, 0x01b5
     8da:	0000                	.insn	2, 0x
     8dc:	08c80acb          	.insn	4, 0x08c80acb
     8e0:	0000                	.insn	2, 0x
     8e2:	000cd203          	lhu	tp,0(s9)
     8e6:	2700                	.insn	2, 0x2700
     8e8:	11000003          	lb	zero,272(zero) # 110 <_prog_start-0xfef0>
     8ec:	0cc6                	.insn	2, 0x0cc6
     8ee:	0000                	.insn	2, 0x
     8f0:	0600                	.insn	2, 0x0600
     8f2:	0fc2                	.insn	2, 0x0fc2
     8f4:	0000                	.insn	2, 0x
     8f6:	060c                	.insn	2, 0x060c
     8f8:	0001                	.insn	2, 0x0001
     8fa:	0000                	.insn	2, 0x
     8fc:	0000                	.insn	2, 0x
     8fe:	000001d3          	.insn	4, 0x01d3
     902:	10c9                	.insn	2, 0x10c9
     904:	cf06                	.insn	2, 0xcf06
     906:	0c00000f          	fence	io,unknown
     90a:	0106                	.insn	2, 0x0106
     90c:	0000                	.insn	2, 0x
     90e:	0000                	.insn	2, 0x
     910:	d300                	.insn	2, 0xd300
     912:	0001                	.insn	2, 0x0001
     914:	3300                	.insn	2, 0x3300
     916:	0309                	.insn	2, 0x0309
     918:	0fdf 0000 0334      	.insn	6, 0x033400000fdf
     91e:	0000                	.insn	2, 0x
     920:	0001d307          	.insn	4, 0x0001d307
     924:	0100                	.insn	2, 0x0100
     926:	0fe9                	.insn	2, 0x0fe9
     928:	0000                	.insn	2, 0x
     92a:	00000343          	.insn	4, 0x0343
     92e:	0000                	.insn	2, 0x
     930:	0000                	.insn	2, 0x
     932:	f405                	.insn	2, 0xf405
     934:	d400000f          	.insn	4, 0xd400000f
     938:	0105                	.insn	2, 0x0105
     93a:	0000                	.insn	2, 0x
     93c:	0000                	.insn	2, 0x
     93e:	e300                	.insn	2, 0xe300
     940:	0001                	.insn	2, 0x0001
     942:	d800                	.insn	2, 0xd800
     944:	3a04                	.insn	2, 0x3a04
     946:	0009                	.insn	2, 0x0009
     948:	1100                	.insn	2, 0x1100
     94a:	0ffd                	.insn	2, 0x0ffd
     94c:	0000                	.insn	2, 0x
     94e:	0001e307          	.insn	4, 0x0001e307
     952:	1800                	.insn	2, 0x1800
     954:	00001007          	.insn	4, 0x1007
     958:	1201                	.insn	2, 0x1201
     95a:	0010                	.insn	2, 0x0010
     95c:	5000                	.insn	2, 0x5000
     95e:	00000003          	lb	zero,0(zero) # 0 <_prog_start-0x10000>
     962:	0400                	.insn	2, 0x0400
     964:	0fc2                	.insn	2, 0x0fc2
     966:	0000                	.insn	2, 0x
     968:	0684                	.insn	2, 0x0684
     96a:	0001                	.insn	2, 0x0001
     96c:	0000                	.insn	2, 0x
     96e:	0000                	.insn	2, 0x
     970:	0010                	.insn	2, 0x0010
     972:	0000                	.insn	2, 0x
     974:	0000                	.insn	2, 0x
     976:	0000                	.insn	2, 0x
     978:	18ce                	.insn	2, 0x18ce
     97a:	0980                	.insn	2, 0x0980
     97c:	0000                	.insn	2, 0x
     97e:	cf09                	.insn	2, 0xcf09
     980:	8400000f          	.insn	4, 0x8400000f
     984:	0106                	.insn	2, 0x0106
     986:	0000                	.insn	2, 0x
     988:	0000                	.insn	2, 0x
     98a:	1000                	.insn	2, 0x1000
     98c:	0000                	.insn	2, 0x
     98e:	0000                	.insn	2, 0x
     990:	0000                	.insn	2, 0x
     992:	3300                	.insn	2, 0x3300
     994:	0309                	.insn	2, 0x0309
     996:	0fdf 0000 035d      	.insn	6, 0x035d00000fdf
     99c:	0000                	.insn	2, 0x
     99e:	e901                	.insn	2, 0xe901
     9a0:	6c00000f          	.insn	4, 0x6c00000f
     9a4:	00000003          	lb	zero,0(zero) # 0 <_prog_start-0x10000>
     9a8:	0400                	.insn	2, 0x0400
     9aa:	0fc2                	.insn	2, 0x0fc2
     9ac:	0000                	.insn	2, 0x
     9ae:	06a4                	.insn	2, 0x06a4
     9b0:	0001                	.insn	2, 0x0001
     9b2:	0000                	.insn	2, 0x
     9b4:	0000                	.insn	2, 0x
     9b6:	0010                	.insn	2, 0x0010
     9b8:	0000                	.insn	2, 0x
     9ba:	0000                	.insn	2, 0x
     9bc:	0000                	.insn	2, 0x
     9be:	09c60ecf          	.insn	4, 0x09c60ecf
     9c2:	0000                	.insn	2, 0x
     9c4:	cf09                	.insn	2, 0xcf09
     9c6:	a400000f          	.insn	4, 0xa400000f
     9ca:	0106                	.insn	2, 0x0106
     9cc:	0000                	.insn	2, 0x
     9ce:	0000                	.insn	2, 0x
     9d0:	1000                	.insn	2, 0x1000
     9d2:	0000                	.insn	2, 0x
     9d4:	0000                	.insn	2, 0x
     9d6:	0000                	.insn	2, 0x
     9d8:	3300                	.insn	2, 0x3300
     9da:	0309                	.insn	2, 0x0309
     9dc:	0fdf 0000 0379      	.insn	6, 0x037900000fdf
     9e2:	0000                	.insn	2, 0x
     9e4:	e901                	.insn	2, 0xe901
     9e6:	8800000f          	.insn	4, 0x8800000f
     9ea:	00000003          	lb	zero,0(zero) # 0 <_prog_start-0x10000>
     9ee:	0400                	.insn	2, 0x0400
     9f0:	0ff4                	.insn	2, 0x0ff4
     9f2:	0000                	.insn	2, 0x
     9f4:	077c                	.insn	2, 0x077c
     9f6:	0001                	.insn	2, 0x0001
     9f8:	0000                	.insn	2, 0x
     9fa:	0000                	.insn	2, 0x
     9fc:	0010                	.insn	2, 0x0010
     9fe:	0000                	.insn	2, 0x
     a00:	0000                	.insn	2, 0x
     a02:	0000                	.insn	2, 0x
     a04:	04d9                	.insn	2, 0x04d9
     a06:	09fd                	.insn	2, 0x09fd
     a08:	0000                	.insn	2, 0x
     a0a:	000ffd03          	.insn	4, 0x000ffd03
     a0e:	9500                	.insn	2, 0x9500
     a10:	01000003          	lb	zero,16(zero) # 10 <_prog_start-0xfff0>
     a14:	00001007          	.insn	4, 0x1007
     a18:	03a2                	.insn	2, 0x03a2
     a1a:	0000                	.insn	2, 0x
     a1c:	1201                	.insn	2, 0x1201
     a1e:	0010                	.insn	2, 0x0010
     a20:	b200                	.insn	2, 0xb200
     a22:	00000003          	lb	zero,0(zero) # 0 <_prog_start-0x10000>
     a26:	0107980b          	.insn	4, 0x0107980b
     a2a:	0000                	.insn	2, 0x
     a2c:	0000                	.insn	2, 0x
     a2e:	4300                	.insn	2, 0x4300
     a30:	0001                	.insn	2, 0x0001
     a32:	0200                	.insn	2, 0x0200
     a34:	5a01                	.insn	2, 0x5a01
     a36:	0309                	.insn	2, 0x0309
     a38:	0a78                	.insn	2, 0x0a78
     a3a:	0001                	.insn	2, 0x0001
     a3c:	0000                	.insn	2, 0x
     a3e:	0000                	.insn	2, 0x
     a40:	0000                	.insn	2, 0x
     a42:	8a04                	.insn	2, 0x8a04
     a44:	000d                	.insn	2, 0x000d
     a46:	d400                	.insn	2, 0xd400
     a48:	0106                	.insn	2, 0x0106
     a4a:	0000                	.insn	2, 0x
     a4c:	0000                	.insn	2, 0x
     a4e:	2400                	.insn	2, 0x2400
     a50:	0000                	.insn	2, 0x
     a52:	0000                	.insn	2, 0x
     a54:	0000                	.insn	2, 0x
     a56:	dc00                	.insn	2, 0xdc00
     a58:	7702                	.insn	2, 0x7702
     a5a:	000a                	.insn	2, 0x000a
     a5c:	0900                	.insn	2, 0x0900
     a5e:	0fc2                	.insn	2, 0x0fc2
     a60:	0000                	.insn	2, 0x
     a62:	06d4                	.insn	2, 0x06d4
     a64:	0001                	.insn	2, 0x0001
     a66:	0000                	.insn	2, 0x
     a68:	0000                	.insn	2, 0x
     a6a:	001c                	.insn	2, 0x001c
     a6c:	0000                	.insn	2, 0x
     a6e:	0000                	.insn	2, 0x
     a70:	0000                	.insn	2, 0x
     a72:	cf090253          	.insn	4, 0xcf090253
     a76:	d400000f          	.insn	4, 0xd400000f
     a7a:	0106                	.insn	2, 0x0106
     a7c:	0000                	.insn	2, 0x
     a7e:	0000                	.insn	2, 0x
     a80:	1c00                	.insn	2, 0x1c00
     a82:	0000                	.insn	2, 0x
     a84:	0000                	.insn	2, 0x
     a86:	0000                	.insn	2, 0x
     a88:	3300                	.insn	2, 0x3300
     a8a:	0309                	.insn	2, 0x0309
     a8c:	0fdf 0000 03bf      	.insn	6, 0x03bf00000fdf
     a92:	0000                	.insn	2, 0x
     a94:	e901                	.insn	2, 0xe901
     a96:	ce00000f          	.insn	4, 0xce00000f
     a9a:	00000003          	lb	zero,0(zero) # 0 <_prog_start-0x10000>
     a9e:	0000                	.insn	2, 0x
     aa0:	8a05                	.insn	2, 0x8a05
     aa2:	000d                	.insn	2, 0x000d
     aa4:	0800                	.insn	2, 0x0800
     aa6:	00000107          	.insn	4, 0x0107
     aaa:	0000                	.insn	2, 0x
     aac:	f500                	.insn	2, 0xf500
     aae:	0001                	.insn	2, 0x0001
     ab0:	df00                	.insn	2, 0xdf00
     ab2:	d102                	.insn	2, 0xd102
     ab4:	000a                	.insn	2, 0x000a
     ab6:	0900                	.insn	2, 0x0900
     ab8:	0fc2                	.insn	2, 0x0fc2
     aba:	0000                	.insn	2, 0x
     abc:	0708                	.insn	2, 0x0708
     abe:	0001                	.insn	2, 0x0001
     ac0:	0000                	.insn	2, 0x
     ac2:	0000                	.insn	2, 0x
     ac4:	001c                	.insn	2, 0x001c
     ac6:	0000                	.insn	2, 0x
     ac8:	0000                	.insn	2, 0x
     aca:	0000                	.insn	2, 0x
     acc:	cf090253          	.insn	4, 0xcf090253
     ad0:	0800000f          	fence	i,unknown
     ad4:	00000107          	.insn	4, 0x0107
     ad8:	0000                	.insn	2, 0x
     ada:	1c00                	.insn	2, 0x1c00
     adc:	0000                	.insn	2, 0x
     ade:	0000                	.insn	2, 0x
     ae0:	0000                	.insn	2, 0x
     ae2:	3300                	.insn	2, 0x3300
     ae4:	0309                	.insn	2, 0x0309
     ae6:	0fdf 0000 03db      	.insn	6, 0x03db00000fdf
     aec:	0000                	.insn	2, 0x
     aee:	e901                	.insn	2, 0xe901
     af0:	ea00000f          	.insn	4, 0xea00000f
     af4:	00000003          	lb	zero,0(zero) # 0 <_prog_start-0x10000>
     af8:	0000                	.insn	2, 0x
     afa:	8a04                	.insn	2, 0x8a04
     afc:	000d                	.insn	2, 0x000d
     afe:	a000                	.insn	2, 0xa000
     b00:	00000107          	.insn	4, 0x0107
     b04:	0000                	.insn	2, 0x
     b06:	3400                	.insn	2, 0x3400
     b08:	0000                	.insn	2, 0x
     b0a:	0000                	.insn	2, 0x
     b0c:	0000                	.insn	2, 0x
     b0e:	be00                	.insn	2, 0xbe00
     b10:	000b2f03          	lw	t5,0(s6)
     b14:	0900                	.insn	2, 0x0900
     b16:	0fc2                	.insn	2, 0x0fc2
     b18:	0000                	.insn	2, 0x
     b1a:	07a0                	.insn	2, 0x07a0
     b1c:	0001                	.insn	2, 0x0001
     b1e:	0000                	.insn	2, 0x
     b20:	0000                	.insn	2, 0x
     b22:	001c                	.insn	2, 0x001c
     b24:	0000                	.insn	2, 0x
     b26:	0000                	.insn	2, 0x
     b28:	0000                	.insn	2, 0x
     b2a:	cf090253          	.insn	4, 0xcf090253
     b2e:	a000000f          	.insn	4, 0xa000000f
     b32:	00000107          	.insn	4, 0x0107
     b36:	0000                	.insn	2, 0x
     b38:	1c00                	.insn	2, 0x1c00
     b3a:	0000                	.insn	2, 0x
     b3c:	0000                	.insn	2, 0x
     b3e:	0000                	.insn	2, 0x
     b40:	3300                	.insn	2, 0x3300
     b42:	0309                	.insn	2, 0x0309
     b44:	0fdf 0000 03f7      	.insn	6, 0x03f700000fdf
     b4a:	0000                	.insn	2, 0x
     b4c:	e901                	.insn	2, 0xe901
     b4e:	0600000f          	fence	or,unknown
     b52:	0004                	.insn	2, 0x0004
     b54:	0000                	.insn	2, 0x
     b56:	0000                	.insn	2, 0x
     b58:	600a                	.insn	2, 0x600a
     b5a:	0105                	.insn	2, 0x0105
     b5c:	0000                	.insn	2, 0x
     b5e:	0000                	.insn	2, 0x
     b60:	4300                	.insn	2, 0x4300
     b62:	0001                	.insn	2, 0x0001
     b64:	4e00                	.insn	2, 0x4e00
     b66:	0200000b          	.insn	4, 0x0200000b
     b6a:	5a01                	.insn	2, 0x5a01
     b6c:	0309                	.insn	2, 0x0309
     b6e:	0a40                	.insn	2, 0x0a40
     b70:	0001                	.insn	2, 0x0001
     b72:	0000                	.insn	2, 0x
     b74:	0000                	.insn	2, 0x
     b76:	0a00                	.insn	2, 0x0a00
     b78:	0570                	.insn	2, 0x0570
     b7a:	0001                	.insn	2, 0x0001
     b7c:	0000                	.insn	2, 0x
     b7e:	0000                	.insn	2, 0x
     b80:	012d                	.insn	2, 0x012d
     b82:	0000                	.insn	2, 0x
     b84:	0b74                	.insn	2, 0x0b74
     b86:	0000                	.insn	2, 0x
     b88:	0102                	.insn	2, 0x0102
     b8a:	095a                	.insn	2, 0x095a
     b8c:	010a4803          	lbu	a6,16(s4)
     b90:	0000                	.insn	2, 0x
     b92:	0000                	.insn	2, 0x
     b94:	0200                	.insn	2, 0x0200
     b96:	5b01                	.insn	2, 0x5b01
     b98:	24444e03          	lbu	t3,580(s0)
     b9c:	0a00                	.insn	2, 0x0a00
     b9e:	057c                	.insn	2, 0x057c
     ba0:	0001                	.insn	2, 0x0001
     ba2:	0000                	.insn	2, 0x
     ba4:	0000                	.insn	2, 0x
     ba6:	012d                	.insn	2, 0x012d
     ba8:	0000                	.insn	2, 0x
     baa:	00000b93          	li	s7,0
     bae:	0102                	.insn	2, 0x0102
     bb0:	095a                	.insn	2, 0x095a
     bb2:	010a6803          	lwu	a6,16(s4)
     bb6:	0000                	.insn	2, 0x
     bb8:	0000                	.insn	2, 0x
     bba:	0000                	.insn	2, 0x
     bbc:	9c0a                	.insn	2, 0x9c0a
     bbe:	0105                	.insn	2, 0x0105
     bc0:	0000                	.insn	2, 0x
     bc2:	0000                	.insn	2, 0x
     bc4:	9200                	.insn	2, 0x9200
     bc6:	000d                	.insn	2, 0x000d
     bc8:	b700                	.insn	2, 0xb700
     bca:	0200000b          	.insn	4, 0x0200000b
     bce:	5a01                	.insn	2, 0x5a01
     bd0:	0802                	.insn	2, 0x0802
     bd2:	0252                	.insn	2, 0x0252
     bd4:	5b01                	.insn	2, 0x5b01
     bd6:	0802                	.insn	2, 0x0802
     bd8:	0222                	.insn	2, 0x0222
     bda:	5c01                	.insn	2, 0x5c01
     bdc:	0902                	.insn	2, 0x0902
     bde:	00e1                	.insn	2, 0x00e1
     be0:	080a                	.insn	2, 0x080a
     be2:	00000107          	.insn	4, 0x0107
     be6:	0000                	.insn	2, 0x
     be8:	9200                	.insn	2, 0x9200
     bea:	000d                	.insn	2, 0x000d
     bec:	da00                	.insn	2, 0xda00
     bee:	0200000b          	.insn	4, 0x0200000b
     bf2:	5a01                	.insn	2, 0x5a01
     bf4:	0802                	.insn	2, 0x0802
     bf6:	024c                	.insn	2, 0x024c
     bf8:	5b01                	.insn	2, 0x5b01
     bfa:	3001                	.insn	2, 0x3001
     bfc:	0102                	.insn	2, 0x0102
     bfe:	025c                	.insn	2, 0x025c
     c00:	0b000083          	lb	ra,176(zero) # b0 <_prog_start-0xff50>
     c04:	0738                	.insn	2, 0x0738
     c06:	0001                	.insn	2, 0x0001
     c08:	0000                	.insn	2, 0x
     c0a:	0000                	.insn	2, 0x
     c0c:	00000143          	.insn	4, 0x0143
     c10:	0102                	.insn	2, 0x0102
     c12:	095a                	.insn	2, 0x095a
     c14:	010a9003          	lh	zero,16(s5)
	...
     c20:	100a                	.insn	2, 0x100a
     c22:	0102                	.insn	2, 0x0102
     c24:	0000                	.insn	2, 0x
     c26:	0000                	.insn	2, 0x
     c28:	4300                	.insn	2, 0x4300
     c2a:	0001                	.insn	2, 0x0001
     c2c:	1600                	.insn	2, 0x1600
     c2e:	000c                	.insn	2, 0x000c
     c30:	0200                	.insn	2, 0x0200
     c32:	5a01                	.insn	2, 0x5a01
     c34:	0309                	.insn	2, 0x0309
     c36:	0a10                	.insn	2, 0x0a10
     c38:	0001                	.insn	2, 0x0001
     c3a:	0000                	.insn	2, 0x
     c3c:	0000                	.insn	2, 0x
     c3e:	0a00                	.insn	2, 0x0a00
     c40:	03ac                	.insn	2, 0x03ac
     c42:	0001                	.insn	2, 0x0001
     c44:	0000                	.insn	2, 0x
     c46:	0000                	.insn	2, 0x
     c48:	00000143          	.insn	4, 0x0143
     c4c:	0c35                	.insn	2, 0x0c35
     c4e:	0000                	.insn	2, 0x
     c50:	0102                	.insn	2, 0x0102
     c52:	095a                	.insn	2, 0x095a
     c54:	010a9803          	lh	a6,16(s5)
     c58:	0000                	.insn	2, 0x
     c5a:	0000                	.insn	2, 0x
     c5c:	0000                	.insn	2, 0x
     c5e:	0107480b          	.insn	4, 0x0107480b
     c62:	0000                	.insn	2, 0x
     c64:	0000                	.insn	2, 0x
     c66:	4300                	.insn	2, 0x4300
     c68:	0001                	.insn	2, 0x0001
     c6a:	0200                	.insn	2, 0x0200
     c6c:	5a01                	.insn	2, 0x5a01
     c6e:	0309                	.insn	2, 0x0309
     c70:	0aa0                	.insn	2, 0x0aa0
     c72:	0001                	.insn	2, 0x0001
     c74:	0000                	.insn	2, 0x
     c76:	0000                	.insn	2, 0x
     c78:	0000                	.insn	2, 0x
     c7a:	ed0e                	.insn	2, 0xed0e
     c7c:	0001                	.insn	2, 0x0001
     c7e:	b100                	.insn	2, 0xb100
     c80:	6a0c                	.insn	2, 0x6a0c
     c82:	0000                	.insn	2, 0x
     c84:	0100                	.insn	2, 0x0100
     c86:	0cb1                	.insn	2, 0x0cb1
     c88:	0000                	.insn	2, 0x
     c8a:	7008                	.insn	2, 0x7008
     c8c:	0100                	.insn	2, 0x0100
     c8e:	0cb114b3          	.insn	4, 0x0cb114b3
     c92:	0000                	.insn	2, 0x
     c94:	6908                	.insn	2, 0x6908
     c96:	0100                	.insn	2, 0x0100
     c98:	07b4                	.insn	2, 0x07b4
     c9a:	0084                	.insn	2, 0x0084
     c9c:	0000                	.insn	2, 0x
     c9e:	7208                	.insn	2, 0x7208
     ca0:	b5010063          	beq	sp,a6,ffffffffffffffe0 <_sp+0xffffffff7fefffe0>
     ca4:	6a06                	.insn	2, 0x6a06
     ca6:	0000                	.insn	2, 0x
     ca8:	1900                	.insn	2, 0x1900
     caa:	6308                	.insn	2, 0x6308
     cac:	6372                	.insn	2, 0x6372
     cae:	0100                	.insn	2, 0x0100
     cb0:	0cc2                	.insn	2, 0x0cc2
     cb2:	000000a3          	sb	zero,1(zero) # 1 <_prog_start-0xffff>
     cb6:	e324                	.insn	2, 0xe324
     cb8:	0000                	.insn	2, 0x
     cba:	0100                	.insn	2, 0x0100
     cbc:	11c2                	.insn	2, 0x11c2
     cbe:	000000a3          	sb	zero,1(zero) # 1 <_prog_start-0xffff>
     cc2:	6e08                	.insn	2, 0x6e08
     cc4:	0100                	.insn	2, 0x0100
     cc6:	008408c3          	.insn	4, 0x008408c3
     cca:	0000                	.insn	2, 0x
     ccc:	0819                	.insn	2, 0x0819
     cce:	0078                	.insn	2, 0x0078
     cd0:	c901                	.insn	2, 0xc901
     cd2:	920c                	.insn	2, 0x920c
     cd4:	0000                	.insn	2, 0x
     cd6:	0000                	.insn	2, 0x
     cd8:	0000                	.insn	2, 0x
     cda:	00009e0f          	.insn	4, 0x9e0f
     cde:	0e00                	.insn	2, 0x0e00
     ce0:	019e                	.insn	2, 0x019e
     ce2:	0000                	.insn	2, 0x
     ce4:	11a2                	.insn	2, 0x11a2
     ce6:	000000a3          	sb	zero,1(zero) # 1 <_prog_start-0xffff>
     cea:	df01                	.insn	2, 0xdf01
     cec:	000c                	.insn	2, 0x000c
     cee:	1200                	.insn	2, 0x1200
     cf0:	00637263          	bgeu	t1,t1,cf4 <_prog_start-0xf30c>
     cf4:	a201                	.insn	2, 0xa201
     cf6:	a326                	.insn	2, 0xa326
     cf8:	0000                	.insn	2, 0x
     cfa:	2500                	.insn	2, 0x2500
     cfc:	0099                	.insn	2, 0x0099
     cfe:	0000                	.insn	2, 0x
     d00:	a201                	.insn	2, 0xa201
     d02:	00009233          	sll	tp,ra,zero
     d06:	0000                	.insn	2, 0x
     d08:	da0e                	.insn	2, 0xda0e
     d0a:	0001                	.insn	2, 0x0001
     d0c:	9900                	.insn	2, 0x9900
     d0e:	6a0c                	.insn	2, 0x6a0c
     d10:	0000                	.insn	2, 0x
     d12:	0100                	.insn	2, 0x0100
     d14:	00000cfb          	.insn	4, 0x0cfb
     d18:	7208                	.insn	2, 0x7208
     d1a:	9b010063          	beq	sp,a6,fffffffffffffeba <_sp+0xffffffff7feffeba>
     d1e:	6a06                	.insn	2, 0x6a06
     d20:	0000                	.insn	2, 0x
     d22:	0000                	.insn	2, 0x
     d24:	b50e                	.insn	2, 0xb50e
     d26:	0000                	.insn	2, 0x
     d28:	8c00                	.insn	2, 0x8c00
     d2a:	6a0c                	.insn	2, 0x6a0c
     d2c:	0000                	.insn	2, 0x
     d2e:	0100                	.insn	2, 0x0100
     d30:	00000d17          	auipc	s10,0x0
     d34:	7208                	.insn	2, 0x7208
     d36:	8e010063          	beqz	sp,fffffffffffffe16 <_sp+0xffffffff7feffe16>
     d3a:	6a06                	.insn	2, 0x6a06
     d3c:	0000                	.insn	2, 0x
     d3e:	0000                	.insn	2, 0x
     d40:	e30e                	.insn	2, 0xe30e
     d42:	0001                	.insn	2, 0x0001
     d44:	8100                	.insn	2, 0x8100
     d46:	6a0c                	.insn	2, 0x6a0c
     d48:	0000                	.insn	2, 0x
     d4a:	0100                	.insn	2, 0x0100
     d4c:	0d32                	.insn	2, 0x0d32
     d4e:	0000                	.insn	2, 0x
     d50:	7208                	.insn	2, 0x7208
     d52:	0100                	.insn	2, 0x0100
     d54:	00920a83          	lb	s5,9(tp) # 9 <_prog_start-0xfff7>
     d58:	0000                	.insn	2, 0x
     d5a:	1a00                	.insn	2, 0x1a00
     d5c:	009e                	.insn	2, 0x009e
     d5e:	0000                	.insn	2, 0x
     d60:	0e010d7b          	.insn	4, 0x0e010d7b
     d64:	00000077          	.insn	4, 0x0077
     d68:	0c6e                	.insn	2, 0x0c6e
     d6a:	006a                	.insn	2, 0x006a
     d6c:	0000                	.insn	2, 0x
     d6e:	5601                	.insn	2, 0x5601
     d70:	000d                	.insn	2, 0x000d
     d72:	0800                	.insn	2, 0x0800
     d74:	6372                	.insn	2, 0x6372
     d76:	0100                	.insn	2, 0x0100
     d78:	0670                	.insn	2, 0x0670
     d7a:	006a                	.insn	2, 0x006a
     d7c:	0000                	.insn	2, 0x
     d7e:	0e00                	.insn	2, 0x0e00
     d80:	0065                	.insn	2, 0x0065
     d82:	0000                	.insn	2, 0x
     d84:	0c65                	.insn	2, 0x0c65
     d86:	006a                	.insn	2, 0x006a
     d88:	0000                	.insn	2, 0x
     d8a:	7201                	.insn	2, 0x7201
     d8c:	000d                	.insn	2, 0x000d
     d8e:	0800                	.insn	2, 0x0800
     d90:	6372                	.insn	2, 0x6372
     d92:	0100                	.insn	2, 0x0100
     d94:	006a0667          	jalr	a2,6(s4)
     d98:	0000                	.insn	2, 0x
     d9a:	2600                	.insn	2, 0x2600
     d9c:	00000193          	li	gp,0
     da0:	5801                	.insn	2, 0x5801
     da2:	010d                	.insn	2, 0x010d
     da4:	0d8a                	.insn	2, 0x0d8a
     da6:	0000                	.insn	2, 0x
     da8:	6908                	.insn	2, 0x6908
     daa:	0100                	.insn	2, 0x0100
     dac:	075a                	.insn	2, 0x075a
     dae:	0084                	.insn	2, 0x0084
     db0:	0000                	.insn	2, 0x
     db2:	1a00                	.insn	2, 0x1a00
     db4:	000001bb          	addw	gp,zero,zero
     db8:	1451                	.insn	2, 0x1451
     dba:	01aa2703          	lw	a4,26(s4)
     dbe:	0000                	.insn	2, 0x
     dc0:	3601                	.insn	2, 0x3601
     dc2:	9210                	.insn	2, 0x9210
     dc4:	0000                	.insn	2, 0x
     dc6:	b400                	.insn	2, 0xb400
     dc8:	0100                	.insn	2, 0x0100
     dca:	0000                	.insn	2, 0x
     dcc:	0000                	.insn	2, 0x
     dce:	3800                	.insn	2, 0x3800
     dd0:	0001                	.insn	2, 0x0001
     dd2:	0000                	.insn	2, 0x
     dd4:	0000                	.insn	2, 0x
     dd6:	0100                	.insn	2, 0x0100
     dd8:	c29c                	.insn	2, 0xc29c
     dda:	1300000f          	.insn	4, 0x1300000f
     dde:	00646d63          	bltu	s0,t1,df8 <_prog_start-0xf208>
     de2:	921f 0000 1300      	.insn	6, 0x13000000921f
     de8:	0004                	.insn	2, 0x0004
     dea:	1300                	.insn	2, 0x1300
     dec:	7261                	.insn	2, 0x7261
     dee:	bb2d0067          	jr	-1102(s10) # 8e2 <_prog_start-0xf71e>
     df2:	0000                	.insn	2, 0x
     df4:	2b00                	.insn	2, 0x2b00
     df6:	0004                	.insn	2, 0x0004
     df8:	1300                	.insn	2, 0x1300
     dfa:	00637263          	bgeu	t1,t1,dfe <_prog_start-0xf202>
     dfe:	923a                	.insn	2, 0x923a
     e00:	0000                	.insn	2, 0x
     e02:	4500                	.insn	2, 0x4500
     e04:	0004                	.insn	2, 0x0004
     e06:	0800                	.insn	2, 0x0800
     e08:	006e                	.insn	2, 0x006e
     e0a:	3801                	.insn	2, 0x3801
     e0c:	8b10                	.insn	2, 0x8b10
     e0e:	0000                	.insn	2, 0x
     e10:	2800                	.insn	2, 0x2800
     e12:	0072                	.insn	2, 0x0072
     e14:	3901                	.insn	2, 0x3901
     e16:	920a                	.insn	2, 0x920a
     e18:	0000                	.insn	2, 0x
     e1a:	6600                	.insn	2, 0x6600
     e1c:	0004                	.insn	2, 0x0004
     e1e:	2900                	.insn	2, 0x2900
     e20:	00f6                	.insn	2, 0x00f6
     e22:	0000                	.insn	2, 0x
     e24:	4d01                	.insn	2, 0x4d01
     e26:	d801                	.insn	2, 0xd801
     e28:	0101                	.insn	2, 0x0101
     e2a:	0000                	.insn	2, 0x
     e2c:	0000                	.insn	2, 0x
     e2e:	0400                	.insn	2, 0x0400
     e30:	0fc2                	.insn	2, 0x0fc2
     e32:	0000                	.insn	2, 0x
     e34:	00cc                	.insn	2, 0x00cc
     e36:	0001                	.insn	2, 0x0001
     e38:	0000                	.insn	2, 0x
     e3a:	0000                	.insn	2, 0x
     e3c:	001c                	.insn	2, 0x001c
     e3e:	0000                	.insn	2, 0x
     e40:	0000                	.insn	2, 0x
     e42:	0000                	.insn	2, 0x
     e44:	023c                	.insn	2, 0x023c
     e46:	0e4c                	.insn	2, 0x0e4c
     e48:	0000                	.insn	2, 0x
     e4a:	cf09                	.insn	2, 0xcf09
     e4c:	cc00000f          	.insn	4, 0xcc00000f
     e50:	0100                	.insn	2, 0x0100
     e52:	0000                	.insn	2, 0x
     e54:	0000                	.insn	2, 0x
     e56:	1c00                	.insn	2, 0x1c00
     e58:	0000                	.insn	2, 0x
     e5a:	0000                	.insn	2, 0x
     e5c:	0000                	.insn	2, 0x
     e5e:	3300                	.insn	2, 0x3300
     e60:	0309                	.insn	2, 0x0309
     e62:	0fdf 0000 047a      	.insn	6, 0x047a00000fdf
     e68:	0000                	.insn	2, 0x
     e6a:	e901                	.insn	2, 0xe901
     e6c:	8900000f          	.insn	4, 0x8900000f
     e70:	0004                	.insn	2, 0x0004
     e72:	0000                	.insn	2, 0x
     e74:	0400                	.insn	2, 0x0400
     e76:	00000fcf          	.insn	4, 0x0fcf
     e7a:	00e8                	.insn	2, 0x00e8
     e7c:	0001                	.insn	2, 0x0001
     e7e:	0000                	.insn	2, 0x
     e80:	0000                	.insn	2, 0x
     e82:	001c                	.insn	2, 0x001c
     e84:	0000                	.insn	2, 0x
     e86:	0000                	.insn	2, 0x
     e88:	0000                	.insn	2, 0x
     e8a:	023d                	.insn	2, 0x023d
     e8c:	0e7a                	.insn	2, 0x0e7a
     e8e:	0000                	.insn	2, 0x
     e90:	000fdf03          	lhu	t5,0(t6)
     e94:	9600                	.insn	2, 0x9600
     e96:	0004                	.insn	2, 0x0004
     e98:	0100                	.insn	2, 0x0100
     e9a:	0fe9                	.insn	2, 0x0fe9
     e9c:	0000                	.insn	2, 0x
     e9e:	04ad                	.insn	2, 0x04ad
     ea0:	0000                	.insn	2, 0x
     ea2:	0500                	.insn	2, 0x0500
     ea4:	00000fcf          	.insn	4, 0x0fcf
     ea8:	0104                	.insn	2, 0x0104
     eaa:	0001                	.insn	2, 0x0001
     eac:	0000                	.insn	2, 0x
     eae:	0000                	.insn	2, 0x
     eb0:	000c                	.insn	2, 0x000c
     eb2:	0000                	.insn	2, 0x
     eb4:	023e                	.insn	2, 0x023e
     eb6:	0ea6                	.insn	2, 0x0ea6
     eb8:	0000                	.insn	2, 0x
     eba:	df11                	.insn	2, 0xdf11
     ebc:	0700000f          	fence	orw,unknown
     ec0:	000c                	.insn	2, 0x000c
     ec2:	0000                	.insn	2, 0x
     ec4:	e901                	.insn	2, 0xe901
     ec6:	ba00000f          	.insn	4, 0xba00000f
     eca:	0004                	.insn	2, 0x0004
     ecc:	0000                	.insn	2, 0x
     ece:	0400                	.insn	2, 0x0400
     ed0:	00000fcf          	.insn	4, 0x0fcf
     ed4:	0120                	.insn	2, 0x0120
     ed6:	0001                	.insn	2, 0x0001
     ed8:	0000                	.insn	2, 0x
     eda:	0000                	.insn	2, 0x
     edc:	0018                	.insn	2, 0x0018
     ede:	0000                	.insn	2, 0x
     ee0:	0000                	.insn	2, 0x
     ee2:	0000                	.insn	2, 0x
     ee4:	0ed4023f df030000 	.insn	8, 0xdf0300000ed4023f
     eec:	c700000f          	.insn	4, 0xc700000f
     ef0:	0004                	.insn	2, 0x0004
     ef2:	0100                	.insn	2, 0x0100
     ef4:	0fe9                	.insn	2, 0x0fe9
     ef6:	0000                	.insn	2, 0x
     ef8:	04d8                	.insn	2, 0x04d8
     efa:	0000                	.insn	2, 0x
     efc:	0500                	.insn	2, 0x0500
     efe:	00000fcf          	.insn	4, 0x0fcf
     f02:	0138                	.insn	2, 0x0138
     f04:	0001                	.insn	2, 0x0001
     f06:	0000                	.insn	2, 0x
     f08:	0000                	.insn	2, 0x
     f0a:	001c                	.insn	2, 0x001c
     f0c:	0000                	.insn	2, 0x
     f0e:	0240                	.insn	2, 0x0240
     f10:	0f04                	.insn	2, 0x0f04
     f12:	0000                	.insn	2, 0x
     f14:	000fdf03          	lhu	t5,0(t6)
     f18:	e500                	.insn	2, 0xe500
     f1a:	0004                	.insn	2, 0x0004
     f1c:	0700                	.insn	2, 0x0700
     f1e:	001c                	.insn	2, 0x001c
     f20:	0000                	.insn	2, 0x
     f22:	e901                	.insn	2, 0xe901
     f24:	f600000f          	.insn	4, 0xf600000f
     f28:	0004                	.insn	2, 0x0004
     f2a:	0000                	.insn	2, 0x
     f2c:	0400                	.insn	2, 0x0400
     f2e:	00000fcf          	.insn	4, 0x0fcf
     f32:	0158                	.insn	2, 0x0158
     f34:	0001                	.insn	2, 0x0001
     f36:	0000                	.insn	2, 0x
     f38:	0000                	.insn	2, 0x
     f3a:	001c                	.insn	2, 0x001c
     f3c:	0000                	.insn	2, 0x
     f3e:	0000                	.insn	2, 0x
     f40:	0000                	.insn	2, 0x
     f42:	0241                	.insn	2, 0x0241
     f44:	0f32                	.insn	2, 0x0f32
     f46:	0000                	.insn	2, 0x
     f48:	000fdf03          	lhu	t5,0(t6)
     f4c:	0300                	.insn	2, 0x0300
     f4e:	0005                	.insn	2, 0x0005
     f50:	0100                	.insn	2, 0x0100
     f52:	0fe9                	.insn	2, 0x0fe9
     f54:	0000                	.insn	2, 0x
     f56:	0510                	.insn	2, 0x0510
     f58:	0000                	.insn	2, 0x
     f5a:	0500                	.insn	2, 0x0500
     f5c:	00000fcf          	.insn	4, 0x0fcf
     f60:	0174                	.insn	2, 0x0174
     f62:	0001                	.insn	2, 0x0001
     f64:	0000                	.insn	2, 0x
     f66:	0000                	.insn	2, 0x
     f68:	002c                	.insn	2, 0x002c
     f6a:	0000                	.insn	2, 0x
     f6c:	0242                	.insn	2, 0x0242
     f6e:	0f62                	.insn	2, 0x0f62
     f70:	0000                	.insn	2, 0x
     f72:	000fdf03          	lhu	t5,0(t6)
     f76:	1d00                	.insn	2, 0x1d00
     f78:	0005                	.insn	2, 0x0005
     f7a:	0700                	.insn	2, 0x0700
     f7c:	002c                	.insn	2, 0x002c
     f7e:	0000                	.insn	2, 0x
     f80:	e901                	.insn	2, 0xe901
     f82:	3900000f          	.insn	4, 0x3900000f
     f86:	0005                	.insn	2, 0x0005
     f88:	0000                	.insn	2, 0x
     f8a:	0500                	.insn	2, 0x0500
     f8c:	0fc2                	.insn	2, 0x0fc2
     f8e:	0000                	.insn	2, 0x
     f90:	0190                	.insn	2, 0x0190
     f92:	0001                	.insn	2, 0x0001
     f94:	0000                	.insn	2, 0x
     f96:	0000                	.insn	2, 0x
     f98:	003c                	.insn	2, 0x003c
     f9a:	0000                	.insn	2, 0x
     f9c:	0746                	.insn	2, 0x0746
     f9e:	0fa6                	.insn	2, 0x0fa6
     fa0:	0000                	.insn	2, 0x
     fa2:	cf06                	.insn	2, 0xcf06
     fa4:	9000000f          	.insn	4, 0x9000000f
     fa8:	0101                	.insn	2, 0x0101
     faa:	0000                	.insn	2, 0x
     fac:	0000                	.insn	2, 0x
     fae:	3c00                	.insn	2, 0x3c00
     fb0:	0000                	.insn	2, 0x
     fb2:	3300                	.insn	2, 0x3300
     fb4:	0309                	.insn	2, 0x0309
     fb6:	0fdf 0000 0546      	.insn	6, 0x054600000fdf
     fbc:	0000                	.insn	2, 0x
     fbe:	00003c07          	.insn	4, 0x3c07
     fc2:	0100                	.insn	2, 0x0100
     fc4:	0fe9                	.insn	2, 0x0fe9
     fc6:	0000                	.insn	2, 0x
     fc8:	0555                	.insn	2, 0x0555
     fca:	0000                	.insn	2, 0x
     fcc:	0000                	.insn	2, 0x
     fce:	0b00                	.insn	2, 0x0b00
     fd0:	01d8                	.insn	2, 0x01d8
     fd2:	0001                	.insn	2, 0x0001
     fd4:	0000                	.insn	2, 0x
     fd6:	0000                	.insn	2, 0x
     fd8:	00000143          	.insn	4, 0x0143
     fdc:	0102                	.insn	2, 0x0102
     fde:	095a                	.insn	2, 0x095a
     fe0:	010a0003          	lb	zero,16(s4)
     fe4:	0000                	.insn	2, 0x
     fe6:	0000                	.insn	2, 0x
     fe8:	0000                	.insn	2, 0x
     fea:	2a00                	.insn	2, 0x2a00
     fec:	007f 0000 3101 9217 	.insn	10, 0x921731010000007f
     ff4:	0000 
     ff6:	0300                	.insn	2, 0x0300
     ff8:	900e                	.insn	2, 0x900e
     ffa:	0000                	.insn	2, 0x
     ffc:	2600                	.insn	2, 0x2600
     ffe:	00009217          	auipc	tp,0x9
    1002:	0300                	.insn	2, 0x0300
    1004:	0ff4                	.insn	2, 0x0ff4
    1006:	0000                	.insn	2, 0x
    1008:	6412                	.insn	2, 0x6412
    100a:	0100                	.insn	2, 0x0100
    100c:	2826                	.insn	2, 0x2826
    100e:	0092                	.insn	2, 0x0092
    1010:	0000                	.insn	2, 0x
    1012:	7208                	.insn	2, 0x7208
    1014:	0100                	.insn	2, 0x0100
    1016:	0a28                	.insn	2, 0x0a28
    1018:	000000af          	.insn	4, 0x00af
    101c:	2b00                	.insn	2, 0x2b00
    101e:	01d4                	.insn	2, 0x01d4
    1020:	0000                	.insn	2, 0x
    1022:	1502                	.insn	2, 0x1502
    1024:	0314                	.insn	2, 0x0314
    1026:	6312                	.insn	2, 0x6312
    1028:	0200                	.insn	2, 0x0200
    102a:	1f15                	.insn	2, 0x1f15
    102c:	0000010b          	.insn	4, 0x010b
    1030:	7408                	.insn	2, 0x7408
    1032:	0078                	.insn	2, 0x0078
    1034:	1702                	.insn	2, 0x1702
    1036:	dc15                	.insn	2, 0xdc15
    1038:	0000                	.insn	2, 0x
    103a:	0800                	.insn	2, 0x0800
    103c:	0072                	.insn	2, 0x0072
    103e:	1902                	.insn	2, 0x1902
    1040:	af0a                	.insn	2, 0xaf0a
    1042:	0000                	.insn	2, 0x
    1044:	0000                	.insn	2, 0x
    1046:	a400                	.insn	2, 0xa400
    1048:	05000003          	lb	zero,80(zero) # 50 <_prog_start-0xffb0>
    104c:	0100                	.insn	2, 0x0100
    104e:	7308                	.insn	2, 0x7308
    1050:	0002                	.insn	2, 0x0002
    1052:	1400                	.insn	2, 0x1400
    1054:	0106                	.insn	2, 0x0106
    1056:	0000                	.insn	2, 0x
    1058:	171d                	.insn	2, 0x171d
    105a:	0001                	.insn	2, 0x0001
    105c:	0000                	.insn	2, 0x
    105e:	0000                	.insn	2, 0x
    1060:	d800                	.insn	2, 0xd800
    1062:	00000107          	.insn	4, 0x0107
    1066:	0000                	.insn	2, 0x
    1068:	e000                	.insn	2, 0xe000
    106a:	0001                	.insn	2, 0x0001
    106c:	0000                	.insn	2, 0x
    106e:	0000                	.insn	2, 0x
    1070:	7600                	.insn	2, 0x7600
    1072:	03000013          	li	zero,48
    1076:	0214                	.insn	2, 0x0214
    1078:	0000                	.insn	2, 0x
    107a:	3a1b2803          	lw	a6,929(s6)
    107e:	0000                	.insn	2, 0x
    1080:	1500                	.insn	2, 0x1500
    1082:	fa08                	.insn	2, 0xfa08
    1084:	0001                	.insn	2, 0x0001
    1086:	0300                	.insn	2, 0x0300
    1088:	0000021b          	sext.w	tp,zero
    108c:	2e186703          	lwu	a4,737(a6)
    1090:	0000                	.insn	2, 0x
    1092:	0100                	.insn	2, 0x0100
    1094:	0601                	.insn	2, 0x0601
    1096:	00a9                	.insn	2, 0x00a9
    1098:	0000                	.insn	2, 0x
    109a:	0101                	.insn	2, 0x0101
    109c:	a708                	.insn	2, 0xa708
    109e:	0000                	.insn	2, 0x
    10a0:	0100                	.insn	2, 0x0100
    10a2:	0502                	.insn	2, 0x0502
    10a4:	01b1                	.insn	2, 0x01b1
    10a6:	0000                	.insn	2, 0x
    10a8:	0201                	.insn	2, 0x0201
    10aa:	0000d007          	.insn	4, 0xd007
    10ae:	0300                	.insn	2, 0x0300
    10b0:	006d                	.insn	2, 0x006d
    10b2:	0000                	.insn	2, 0x
    10b4:	4d04                	.insn	2, 0x4d04
    10b6:	7418                	.insn	2, 0x7418
    10b8:	0000                	.insn	2, 0x
    10ba:	1600                	.insn	2, 0x1600
    10bc:	0504                	.insn	2, 0x0504
    10be:	6e69                	.insn	2, 0x6e69
    10c0:	0074                	.insn	2, 0x0074
    10c2:	0000fb03          	.insn	4, 0xfb03
    10c6:	0400                	.insn	2, 0x0400
    10c8:	0087194f          	.insn	4, 0x0087194f
    10cc:	0000                	.insn	2, 0x
    10ce:	0401                	.insn	2, 0x0401
    10d0:	0000c307          	.insn	4, 0xc307
    10d4:	0100                	.insn	2, 0x0100
    10d6:	0508                	.insn	2, 0x0508
    10d8:	000001cb          	.insn	4, 0x01cb
    10dc:	0801                	.insn	2, 0x0801
    10de:	0000be07          	.insn	4, 0xbe07
    10e2:	0300                	.insn	2, 0x0300
    10e4:	0000006f          	j	10e4 <_prog_start-0xef1c>
    10e8:	2c05                	.insn	2, 0x2c05
    10ea:	00006813          	ori	a6,zero,0
    10ee:	0300                	.insn	2, 0x0300
    10f0:	00fd                	.insn	2, 0x00fd
    10f2:	0000                	.insn	2, 0x
    10f4:	3005                	.insn	2, 0x3005
    10f6:	7b14                	.insn	2, 0x7b14
    10f8:	0000                	.insn	2, 0x
    10fa:	1700                	.insn	2, 0x1700
    10fc:	00a8                	.insn	2, 0x00a8
    10fe:	0000                	.insn	2, 0x
    1100:	c618                	.insn	2, 0xc618
    1102:	0001                	.insn	2, 0x0001
    1104:	0200                	.insn	2, 0x0200
    1106:	00ce2213          	slti	tp,t3,12
    110a:	0000                	.insn	2, 0x
    110c:	0000                	.insn	2, 0x
    110e:	6400                	.insn	2, 0x6400
    1110:	b40c                	.insn	2, 0xb40c
    1112:	0000                	.insn	2, 0x
    1114:	0d00                	.insn	2, 0x0d00
    1116:	00c9                	.insn	2, 0x00c9
    1118:	0000                	.insn	2, 0x
    111a:	880e                	.insn	2, 0x880e
    111c:	0000                	.insn	2, 0x
    111e:	1600                	.insn	2, 0x1600
    1120:	0828                	.insn	2, 0x0828
    1122:	0001                	.insn	2, 0x0001
    1124:	0000                	.insn	2, 0x
    1126:	0000                	.insn	2, 0x
    1128:	0190                	.insn	2, 0x0190
    112a:	0000                	.insn	2, 0x
    112c:	0000                	.insn	2, 0x
    112e:	0000                	.insn	2, 0x
    1130:	9c01                	.insn	2, 0x9c01
    1132:	0000026b          	.insn	4, 0x026b
    1136:	746d660f          	.insn	4, 0x746d660f
    113a:	1600                	.insn	2, 0x1600
    113c:	6b1a                	.insn	2, 0x6b1a
    113e:	0002                	.insn	2, 0x0002
    1140:	6e00                	.insn	2, 0x6e00
    1142:	0005                	.insn	2, 0x0005
    1144:	1900                	.insn	2, 0x1900
    1146:	761a                	.insn	2, 0x761a
    1148:	006c                	.insn	2, 0x006c
    114a:	1801                	.insn	2, 0x1801
    114c:	400a                	.insn	2, 0x400a
    114e:	0000                	.insn	2, 0x
    1150:	0300                	.insn	2, 0x0300
    1152:	b891                	.insn	2, 0xb891
    1154:	087f 0223 0000 7c07 	.insn	10, 0x00027c0700000223087f
    115c:	0002 
    115e:	8a00                	.insn	2, 0x8a00
    1160:	0005                	.insn	2, 0x0005
    1162:	0800                	.insn	2, 0x0800
    1164:	020c                	.insn	2, 0x020c
    1166:	0000                	.insn	2, 0x
    1168:	7c12                	.insn	2, 0x7c12
    116a:	0002                	.insn	2, 0x0002
    116c:	bd00                	.insn	2, 0xbd00
    116e:	0005                	.insn	2, 0x0005
    1170:	0800                	.insn	2, 0x0800
    1172:	01f2                	.insn	2, 0x01f2
    1174:	0000                	.insn	2, 0x
    1176:	00027c1b          	.insn	4, 0x00027c1b
    117a:	e800                	.insn	2, 0xe800
    117c:	0005                	.insn	2, 0x0005
    117e:	0700                	.insn	2, 0x0700
    1180:	071a0063          	beq	s4,a7,11e0 <_prog_start-0xee20>
    1184:	0270                	.insn	2, 0x0270
    1186:	0000                	.insn	2, 0x
    1188:	00000613          	li	a2,0
    118c:	0002431b          	.insn	4, 0x0002431b
    1190:	a900                	.insn	2, 0xa900
    1192:	0001                	.insn	2, 0x0001
    1194:	0700                	.insn	2, 0x0700
    1196:	006e                	.insn	2, 0x006e
    1198:	132a                	.insn	2, 0x132a
    119a:	0095                	.insn	2, 0x0095
    119c:	0000                	.insn	2, 0x
    119e:	0632                	.insn	2, 0x0632
    11a0:	0000                	.insn	2, 0x
    11a2:	2b006907          	.insn	4, 0x2b006907
    11a6:	8e0a                	.insn	2, 0x8e0a
    11a8:	0000                	.insn	2, 0x
    11aa:	4800                	.insn	2, 0x4800
    11ac:	0006                	.insn	2, 0x0006
    11ae:	0600                	.insn	2, 0x0600
    11b0:	024e                	.insn	2, 0x024e
    11b2:	0000                	.insn	2, 0x
    11b4:	34006407          	.insn	4, 0x34006407
    11b8:	00008e0b          	.insn	4, 0x8e0b
    11bc:	5900                	.insn	2, 0x5900
    11be:	0006                	.insn	2, 0x0006
    11c0:	1000                	.insn	2, 0x1000
    11c2:	037e                	.insn	2, 0x037e
    11c4:	0000                	.insn	2, 0x
    11c6:	08fc                	.insn	2, 0x08fc
    11c8:	0001                	.insn	2, 0x0001
    11ca:	0000                	.insn	2, 0x
    11cc:	0000                	.insn	2, 0x
    11ce:	0259                	.insn	2, 0x0259
    11d0:	0000                	.insn	2, 0x
    11d2:	0636                	.insn	2, 0x0636
    11d4:	8704                	.insn	2, 0x8704
    11d6:	06000003          	lb	zero,96(zero) # 60 <_prog_start-0xffa0>
    11da:	0259                	.insn	2, 0x0259
    11dc:	0000                	.insn	2, 0x
    11de:	9105                	.insn	2, 0x9105
    11e0:	02000003          	lb	zero,32(zero) # 20 <_prog_start-0xffe0>
    11e4:	039c                	.insn	2, 0x039c
    11e6:	0000                	.insn	2, 0x
    11e8:	0672                	.insn	2, 0x0672
    11ea:	0000                	.insn	2, 0x
    11ec:	0000                	.insn	2, 0x
    11ee:	0000                	.insn	2, 0x
    11f0:	7e11                	.insn	2, 0x7e11
    11f2:	6c000003          	lb	zero,1728(zero) # 6c0 <_prog_start-0xf940>
    11f6:	0108                	.insn	2, 0x0108
    11f8:	0000                	.insn	2, 0x
    11fa:	0000                	.insn	2, 0x
    11fc:	2800                	.insn	2, 0x2800
    11fe:	0002                	.insn	2, 0x0002
    1200:	4700                	.insn	2, 0x4700
    1202:	da04                	.insn	2, 0xda04
    1204:	0001                	.insn	2, 0x0001
    1206:	0400                	.insn	2, 0x0400
    1208:	00000387          	.insn	4, 0x0387
    120c:	2806                	.insn	2, 0x2806
    120e:	0002                	.insn	2, 0x0002
    1210:	0500                	.insn	2, 0x0500
    1212:	0391                	.insn	2, 0x0391
    1214:	0000                	.insn	2, 0x
    1216:	9c02                	.insn	2, 0x9c02
    1218:	7a000003          	lb	zero,1952(zero) # 7a0 <_prog_start-0xf860>
    121c:	0006                	.insn	2, 0x0006
    121e:	0000                	.insn	2, 0x
    1220:	1100                	.insn	2, 0x1100
    1222:	037e                	.insn	2, 0x037e
    1224:	0000                	.insn	2, 0x
    1226:	08a4                	.insn	2, 0x08a4
    1228:	0001                	.insn	2, 0x0001
    122a:	0000                	.insn	2, 0x
    122c:	0000                	.insn	2, 0x
    122e:	00000233          	add	tp,zero,zero
    1232:	053e                	.insn	2, 0x053e
    1234:	00000213          	li	tp,0
    1238:	8709                	.insn	2, 0x8709
    123a:	82000003          	lb	zero,-2016(zero) # fffffffffffff820 <_sp+0xffffffff7feff820>
    123e:	0006                	.insn	2, 0x0006
    1240:	0600                	.insn	2, 0x0600
    1242:	00000233          	add	tp,zero,zero
    1246:	9102                	.insn	2, 0x9102
    1248:	8a000003          	lb	zero,-1888(zero) # fffffffffffff8a0 <_sp+0xffffffff7feff8a0>
    124c:	0006                	.insn	2, 0x0006
    124e:	0200                	.insn	2, 0x0200
    1250:	039c                	.insn	2, 0x039c
    1252:	0000                	.insn	2, 0x
    1254:	0695                	.insn	2, 0x0695
    1256:	0000                	.insn	2, 0x
    1258:	0000                	.insn	2, 0x
    125a:	5c10                	.insn	2, 0x5c10
    125c:	38000003          	lb	zero,896(zero) # 380 <_prog_start-0xfc80>
    1260:	0109                	.insn	2, 0x0109
    1262:	0000                	.insn	2, 0x
    1264:	0000                	.insn	2, 0x
    1266:	6400                	.insn	2, 0x6400
    1268:	0002                	.insn	2, 0x0002
    126a:	3b00                	.insn	2, 0x3b00
    126c:	0905                	.insn	2, 0x0905
    126e:	0369                	.insn	2, 0x0369
    1270:	0000                	.insn	2, 0x
    1272:	069d                	.insn	2, 0x069d
    1274:	0000                	.insn	2, 0x
    1276:	6406                	.insn	2, 0x6406
    1278:	0002                	.insn	2, 0x0002
    127a:	0200                	.insn	2, 0x0200
    127c:	00000373          	.insn	4, 0x0373
    1280:	06a5                	.insn	2, 0x06a5
    1282:	0000                	.insn	2, 0x
    1284:	7e0a                	.insn	2, 0x7e0a
    1286:	48000003          	lb	zero,1152(zero) # 480 <_prog_start-0xfb80>
    128a:	0109                	.insn	2, 0x0109
    128c:	0000                	.insn	2, 0x
    128e:	0000                	.insn	2, 0x
    1290:	1000                	.insn	2, 0x1000
    1292:	0000                	.insn	2, 0x
    1294:	0000                	.insn	2, 0x
    1296:	0000                	.insn	2, 0x
    1298:	0c00                	.insn	2, 0x0c00
    129a:	03870403          	lb	s0,56(a4)
    129e:	0000                	.insn	2, 0x
    12a0:	9105                	.insn	2, 0x9105
    12a2:	02000003          	lb	zero,32(zero) # 20 <_prog_start-0xffe0>
    12a6:	039c                	.insn	2, 0x039c
    12a8:	0000                	.insn	2, 0x
    12aa:	06b4                	.insn	2, 0x06b4
    12ac:	0000                	.insn	2, 0x
    12ae:	0000                	.insn	2, 0x
    12b0:	0000                	.insn	2, 0x
    12b2:	770c                	.insn	2, 0x770c
    12b4:	0002                	.insn	2, 0x0002
    12b6:	0100                	.insn	2, 0x0100
    12b8:	0801                	.insn	2, 0x0801
    12ba:	00b0                	.insn	2, 0x00b0
    12bc:	0000                	.insn	2, 0x
    12be:	700d                	.insn	2, 0x700d
    12c0:	0002                	.insn	2, 0x0002
    12c2:	0100                	.insn	2, 0x0100
    12c4:	0201                	.insn	2, 0x0201
    12c6:	0234                	.insn	2, 0x0234
    12c8:	0000                	.insn	2, 0x
    12ca:	2e0e                	.insn	2, 0x2e0e
    12cc:	0002                	.insn	2, 0x0002
    12ce:	0f00                	.insn	2, 0x0f00
    12d0:	07d8                	.insn	2, 0x07d8
    12d2:	0001                	.insn	2, 0x0001
    12d4:	0000                	.insn	2, 0x
    12d6:	0000                	.insn	2, 0x
    12d8:	0050                	.insn	2, 0x0050
    12da:	0000                	.insn	2, 0x
    12dc:	0000                	.insn	2, 0x
    12de:	0000                	.insn	2, 0x
    12e0:	9c01                	.insn	2, 0x9c01
    12e2:	035c                	.insn	2, 0x035c
    12e4:	0000                	.insn	2, 0x
    12e6:	0f00730f          	.insn	4, 0x0f00730f
    12ea:	6b18                	.insn	2, 0x6b18
    12ec:	0002                	.insn	2, 0x0002
    12ee:	bc00                	.insn	2, 0xbc00
    12f0:	0006                	.insn	2, 0x0006
    12f2:	1200                	.insn	2, 0x1200
    12f4:	035c                	.insn	2, 0x035c
    12f6:	0000                	.insn	2, 0x
    12f8:	07d8                	.insn	2, 0x07d8
    12fa:	0001                	.insn	2, 0x0001
    12fc:	0000                	.insn	2, 0x
    12fe:	0000                	.insn	2, 0x
    1300:	0024                	.insn	2, 0x0024
    1302:	0000                	.insn	2, 0x
    1304:	0000                	.insn	2, 0x
    1306:	0000                	.insn	2, 0x
    1308:	0411                	.insn	2, 0x0411
    130a:	09000003          	lb	zero,144(zero) # 90 <_prog_start-0xff70>
    130e:	0369                	.insn	2, 0x0369
    1310:	0000                	.insn	2, 0x
    1312:	06ca                	.insn	2, 0x06ca
    1314:	0000                	.insn	2, 0x
    1316:	7302                	.insn	2, 0x7302
    1318:	d0000003          	lb	zero,-768(zero) # fffffffffffffd00 <_sp+0xffffffff7feffd00>
    131c:	0006                	.insn	2, 0x0006
    131e:	0a00                	.insn	2, 0x0a00
    1320:	037e                	.insn	2, 0x037e
    1322:	0000                	.insn	2, 0x
    1324:	07e0                	.insn	2, 0x07e0
    1326:	0001                	.insn	2, 0x0001
    1328:	0000                	.insn	2, 0x
    132a:	0000                	.insn	2, 0x
    132c:	0010                	.insn	2, 0x0010
    132e:	0000                	.insn	2, 0x
    1330:	0000                	.insn	2, 0x
    1332:	0000                	.insn	2, 0x
    1334:	030c                	.insn	2, 0x030c
    1336:	8704                	.insn	2, 0x8704
    1338:	05000003          	lb	zero,80(zero) # 50 <_prog_start-0xffb0>
    133c:	0391                	.insn	2, 0x0391
    133e:	0000                	.insn	2, 0x
    1340:	9c02                	.insn	2, 0x9c02
    1342:	db000003          	lb	zero,-592(zero) # fffffffffffffdb0 <_sp+0xffffffff7feffdb0>
    1346:	0006                	.insn	2, 0x0006
    1348:	0000                	.insn	2, 0x
    134a:	1200                	.insn	2, 0x1200
    134c:	037e                	.insn	2, 0x037e
    134e:	0000                	.insn	2, 0x
    1350:	07fc                	.insn	2, 0x07fc
    1352:	0001                	.insn	2, 0x0001
    1354:	0000                	.insn	2, 0x
    1356:	0000                	.insn	2, 0x
    1358:	0014                	.insn	2, 0x0014
    135a:	0000                	.insn	2, 0x
    135c:	0000                	.insn	2, 0x
    135e:	0000                	.insn	2, 0x
    1360:	3212                	.insn	2, 0x3212
    1362:	04000003          	lb	zero,64(zero) # 40 <_prog_start-0xffc0>
    1366:	00000387          	.insn	4, 0x0387
    136a:	9105                	.insn	2, 0x9105
    136c:	02000003          	lb	zero,32(zero) # 20 <_prog_start-0xffe0>
    1370:	039c                	.insn	2, 0x039c
    1372:	0000                	.insn	2, 0x
    1374:	06e1                	.insn	2, 0x06e1
    1376:	0000                	.insn	2, 0x
    1378:	0a00                	.insn	2, 0x0a00
    137a:	037e                	.insn	2, 0x037e
    137c:	0000                	.insn	2, 0x
    137e:	0810                	.insn	2, 0x0810
    1380:	0001                	.insn	2, 0x0001
    1382:	0000                	.insn	2, 0x
    1384:	0000                	.insn	2, 0x
    1386:	0014                	.insn	2, 0x0014
    1388:	0000                	.insn	2, 0x
    138a:	0000                	.insn	2, 0x
    138c:	0000                	.insn	2, 0x
    138e:	87040213          	addi	tp,s0,-1936
    1392:	05000003          	lb	zero,80(zero) # 50 <_prog_start-0xffb0>
    1396:	0391                	.insn	2, 0x0391
    1398:	0000                	.insn	2, 0x
    139a:	9c1c                	.insn	2, 0x9c1c
    139c:	01000003          	lb	zero,16(zero) # 10 <_prog_start-0xfff0>
    13a0:	005d                	.insn	2, 0x005d
    13a2:	1d00                	.insn	2, 0x1d00
    13a4:	022d                	.insn	2, 0x022d
    13a6:	0000                	.insn	2, 0x
    13a8:	0801                	.insn	2, 0x0801
    13aa:	0314                	.insn	2, 0x0314
    13ac:	037e                	.insn	2, 0x037e
    13ae:	0000                	.insn	2, 0x
    13b0:	01007313          	andi	t1,zero,16
    13b4:	2708                	.insn	2, 0x2708
    13b6:	0000026b          	.insn	4, 0x026b
    13ba:	0100630b          	.insn	4, 0x0100630b
    13be:	070a                	.insn	2, 0x070a
    13c0:	0270                	.insn	2, 0x0270
    13c2:	0000                	.insn	2, 0x
    13c4:	1e00                	.insn	2, 0x1e00
    13c6:	01d4                	.insn	2, 0x01d4
    13c8:	0000                	.insn	2, 0x
    13ca:	1502                	.insn	2, 0x1502
    13cc:	0314                	.insn	2, 0x0314
    13ce:	02006313          	ori	t1,zero,32
    13d2:	1f15                	.insn	2, 0x1f15
    13d4:	0270                	.insn	2, 0x0270
    13d6:	0000                	.insn	2, 0x
    13d8:	0078740b          	.insn	4, 0x0078740b
    13dc:	1702                	.insn	2, 0x1702
    13de:	c915                	.insn	2, 0xc915
    13e0:	0000                	.insn	2, 0x
    13e2:	0b00                	.insn	2, 0x0b00
    13e4:	0072                	.insn	2, 0x0072
    13e6:	1902                	.insn	2, 0x1902
    13e8:	9c0a                	.insn	2, 0x9c0a
    13ea:	0000                	.insn	2, 0x
    13ec:	0000                	.insn	2, 0x
	...

Disassembly of section .debug_abbrev:

0000000000000000 <.debug_abbrev>:
   0:	1101                	.insn	2, 0x1101
   2:	1000                	.insn	2, 0x1000
   4:	12011117          	auipc	sp,0x12011
   8:	1b0e030f          	.insn	4, 0x1b0e030f
   c:	250e                	.insn	2, 0x250e
   e:	130e                	.insn	2, 0x130e
  10:	0005                	.insn	2, 0x0005
  12:	0000                	.insn	2, 0x
  14:	3401                	.insn	2, 0x3401
  16:	3100                	.insn	2, 0x3100
  18:	00170213          	addi	tp,a4,1
  1c:	0200                	.insn	2, 0x0200
  1e:	0049                	.insn	2, 0x0049
  20:	1802                	.insn	2, 0x1802
  22:	187e                	.insn	2, 0x187e
  24:	0000                	.insn	2, 0x
  26:	31000503          	lb	a0,784(zero) # 310 <_prog_start-0xfcf0>
  2a:	00170213          	addi	tp,a4,1
  2e:	0400                	.insn	2, 0x0400
  30:	011d                	.insn	2, 0x011d
  32:	1331                	.insn	2, 0x1331
  34:	0111                	.insn	2, 0x0111
  36:	0712                	.insn	2, 0x0712
  38:	2158                	.insn	2, 0x2158
  3a:	5901                	.insn	2, 0x5901
  3c:	010b570b          	.insn	4, 0x010b570b
  40:	05000013          	li	zero,80
  44:	011d                	.insn	2, 0x011d
  46:	1331                	.insn	2, 0x1331
  48:	0152                	.insn	2, 0x0152
  4a:	1755                	.insn	2, 0x1755
  4c:	2158                	.insn	2, 0x2158
  4e:	5901                	.insn	2, 0x5901
  50:	010b570b          	.insn	4, 0x010b570b
  54:	06000013          	li	zero,96
  58:	011d                	.insn	2, 0x011d
  5a:	1331                	.insn	2, 0x1331
  5c:	0152                	.insn	2, 0x0152
  5e:	1755                	.insn	2, 0x1755
  60:	2158                	.insn	2, 0x2158
  62:	5901                	.insn	2, 0x5901
  64:	000b570b          	.insn	4, 0x000b570b
  68:	0700                	.insn	2, 0x0700
  6a:	1755010b          	.insn	4, 0x1755010b
  6e:	0000                	.insn	2, 0x
  70:	3408                	.insn	2, 0x3408
  72:	0300                	.insn	2, 0x0300
  74:	3a08                	.insn	2, 0x3a08
  76:	390b3b0b          	.insn	4, 0x390b3b0b
  7a:	0013490b          	.insn	4, 0x0013490b
  7e:	0900                	.insn	2, 0x0900
  80:	011d                	.insn	2, 0x011d
  82:	1331                	.insn	2, 0x1331
  84:	0111                	.insn	2, 0x0111
  86:	0712                	.insn	2, 0x0712
  88:	2158                	.insn	2, 0x2158
  8a:	5901                	.insn	2, 0x5901
  8c:	000b570b          	.insn	4, 0x000b570b
  90:	0a00                	.insn	2, 0x0a00
  92:	0148                	.insn	2, 0x0148
  94:	017d                	.insn	2, 0x017d
  96:	1301137f 480b0000 	.insn	12, 0x7f017d01480b00001301137f
  9e:	7f017d01 
  a2:	0c000013          	li	zero,192
  a6:	0024                	.insn	2, 0x0024
  a8:	0b3e0b0b          	.insn	4, 0x0b3e0b0b
  ac:	00000e03          	lb	t3,0(zero) # 0 <_prog_start-0x10000>
  b0:	160d                	.insn	2, 0x160d
  b2:	0300                	.insn	2, 0x0300
  b4:	3a0e                	.insn	2, 0x3a0e
  b6:	390b3b0b          	.insn	4, 0x390b3b0b
  ba:	0013490b          	.insn	4, 0x0013490b
  be:	0e00                	.insn	2, 0x0e00
  c0:	012e                	.insn	2, 0x012e
  c2:	213a0e03          	lb	t3,531(s4)
  c6:	3b01                	.insn	2, 0x3b01
  c8:	270b390b          	.insn	4, 0x270b390b
  cc:	4919                	.insn	2, 0x4919
  ce:	010b2013          	slti	zero,s6,16
  d2:	0f000013          	li	zero,240
  d6:	210b000f          	.insn	4, 0x210b000f
  da:	4908                	.insn	2, 0x4908
  dc:	10000013          	li	zero,256
  e0:	0026                	.insn	2, 0x0026
  e2:	1349                	.insn	2, 0x1349
  e4:	0000                	.insn	2, 0x
  e6:	0511                	.insn	2, 0x0511
  e8:	3100                	.insn	2, 0x3100
  ea:	12000013          	li	zero,288
  ee:	0005                	.insn	2, 0x0005
  f0:	0b3a0803          	lb	a6,179(s4)
  f4:	0b390b3b          	.insn	4, 0x0b390b3b
  f8:	1349                	.insn	2, 0x1349
  fa:	0000                	.insn	2, 0x
  fc:	03000513          	li	a0,48
 100:	3a08                	.insn	2, 0x3a08
 102:	0121                	.insn	2, 0x0121
 104:	3936213b          	.insn	4, 0x3936213b
 108:	0213490b          	.insn	4, 0x0213490b
 10c:	14000017          	auipc	zero,0x14000
 110:	0035                	.insn	2, 0x0035
 112:	1349                	.insn	2, 0x1349
 114:	0000                	.insn	2, 0x
 116:	2e15                	.insn	2, 0x2e15
 118:	3f01                	.insn	2, 0x3f01
 11a:	0319                	.insn	2, 0x0319
 11c:	3a0e                	.insn	2, 0x3a0e
 11e:	0221                	.insn	2, 0x0221
 120:	21390b3b          	.insn	4, 0x21390b3b
 124:	270d                	.insn	2, 0x270d
 126:	3c19                	.insn	2, 0x3c19
 128:	0119                	.insn	2, 0x0119
 12a:	16000013          	li	zero,352
 12e:	0005                	.insn	2, 0x0005
 130:	1349                	.insn	2, 0x1349
 132:	0000                	.insn	2, 0x
 134:	31010b17          	auipc	s6,0x31010
 138:	01175513          	srli	a0,a4,0x11
 13c:	18000013          	li	zero,384
 140:	0034                	.insn	2, 0x0034
 142:	1331                	.insn	2, 0x1331
 144:	0000                	.insn	2, 0x
 146:	0b19                	.insn	2, 0x0b19
 148:	0001                	.insn	2, 0x0001
 14a:	1a00                	.insn	2, 0x1a00
 14c:	002e                	.insn	2, 0x002e
 14e:	213a0e03          	lb	t3,531(s4)
 152:	3b01                	.insn	2, 0x3b01
 154:	270b390b          	.insn	4, 0x270b390b
 158:	2019                	.insn	2, 0x2019
 15a:	1b00000b          	.insn	4, 0x1b00000b
 15e:	0111                	.insn	2, 0x0111
 160:	0e25                	.insn	2, 0x0e25
 162:	1f030b13          	addi	s6,t1,496
 166:	17551f1b          	.insn	4, 0x17551f1b
 16a:	0111                	.insn	2, 0x0111
 16c:	1710                	.insn	2, 0x1710
 16e:	0000                	.insn	2, 0x
 170:	241c                	.insn	2, 0x241c
 172:	0b00                	.insn	2, 0x0b00
 174:	030b3e0b          	.insn	4, 0x030b3e0b
 178:	0008                	.insn	2, 0x0008
 17a:	1d00                	.insn	2, 0x1d00
 17c:	0034                	.insn	2, 0x0034
 17e:	0b3a0e03          	lb	t3,179(s4)
 182:	0b390b3b          	.insn	4, 0x0b390b3b
 186:	1349                	.insn	2, 0x1349
 188:	061c                	.insn	2, 0x061c
 18a:	0000                	.insn	2, 0x
 18c:	341e                	.insn	2, 0x341e
 18e:	0300                	.insn	2, 0x0300
 190:	3a08                	.insn	2, 0x3a08
 192:	390b3b0b          	.insn	4, 0x390b3b0b
 196:	1c13490b          	.insn	4, 0x1c13490b
 19a:	0006                	.insn	2, 0x0006
 19c:	1f00                	.insn	2, 0x1f00
 19e:	0101                	.insn	2, 0x0101
 1a0:	1349                	.insn	2, 0x1349
 1a2:	1301                	.insn	2, 0x1301
 1a4:	0000                	.insn	2, 0x
 1a6:	2120                	.insn	2, 0x2120
 1a8:	4900                	.insn	2, 0x4900
 1aa:	000b2f13          	slti	t5,s6,0
 1ae:	2100                	.insn	2, 0x2100
 1b0:	0034                	.insn	2, 0x0034
 1b2:	0b3a0e03          	lb	t3,179(s4)
 1b6:	0b390b3b          	.insn	4, 0x0b390b3b
 1ba:	1349                	.insn	2, 0x1349
 1bc:	1802                	.insn	2, 0x1802
 1be:	0000                	.insn	2, 0x
 1c0:	1822                	.insn	2, 0x1822
 1c2:	0000                	.insn	2, 0x
 1c4:	2300                	.insn	2, 0x2300
 1c6:	012e                	.insn	2, 0x012e
 1c8:	0e03193f 0b3b0b3a 	.insn	8, 0x0b3b0b3a0e03193f
 1d0:	0b39                	.insn	2, 0x0b39
 1d2:	13491927          	.insn	4, 0x13491927
 1d6:	0111                	.insn	2, 0x0111
 1d8:	0712                	.insn	2, 0x0712
 1da:	1840                	.insn	2, 0x1840
 1dc:	197a                	.insn	2, 0x197a
 1de:	1301                	.insn	2, 0x1301
 1e0:	0000                	.insn	2, 0x
 1e2:	3424                	.insn	2, 0x3424
 1e4:	0300                	.insn	2, 0x0300
 1e6:	3a0e                	.insn	2, 0x3a0e
 1e8:	390b3b0b          	.insn	4, 0x390b3b0b
 1ec:	0013490b          	.insn	4, 0x0013490b
 1f0:	2500                	.insn	2, 0x2500
 1f2:	0005                	.insn	2, 0x0005
 1f4:	0b3a0e03          	lb	t3,179(s4)
 1f8:	0b390b3b          	.insn	4, 0x0b390b3b
 1fc:	1349                	.insn	2, 0x1349
 1fe:	0000                	.insn	2, 0x
 200:	2e26                	.insn	2, 0x2e26
 202:	0301                	.insn	2, 0x0301
 204:	3a0e                	.insn	2, 0x3a0e
 206:	390b3b0b          	.insn	4, 0x390b3b0b
 20a:	2019270b          	.insn	4, 0x2019270b
 20e:	0013010b          	.insn	4, 0x0013010b
 212:	2700                	.insn	2, 0x2700
 214:	012e                	.insn	2, 0x012e
 216:	0b3a0e03          	lb	t3,179(s4)
 21a:	0b390b3b          	.insn	4, 0x0b390b3b
 21e:	13491927          	.insn	4, 0x13491927
 222:	0111                	.insn	2, 0x0111
 224:	0712                	.insn	2, 0x0712
 226:	1840                	.insn	2, 0x1840
 228:	197a                	.insn	2, 0x197a
 22a:	1301                	.insn	2, 0x1301
 22c:	0000                	.insn	2, 0x
 22e:	3428                	.insn	2, 0x3428
 230:	0300                	.insn	2, 0x0300
 232:	3a08                	.insn	2, 0x3a08
 234:	390b3b0b          	.insn	4, 0x390b3b0b
 238:	0213490b          	.insn	4, 0x0213490b
 23c:	29000017          	auipc	zero,0x29000
 240:	000a                	.insn	2, 0x000a
 242:	0b3a0e03          	lb	t3,179(s4)
 246:	0b390b3b          	.insn	4, 0x0b390b3b
 24a:	0111                	.insn	2, 0x0111
 24c:	0000                	.insn	2, 0x
 24e:	2e2a                	.insn	2, 0x2e2a
 250:	0300                	.insn	2, 0x0300
 252:	3a0e                	.insn	2, 0x3a0e
 254:	390b3b0b          	.insn	4, 0x390b3b0b
 258:	4919270b          	.insn	4, 0x4919270b
 25c:	000b2013          	slti	zero,s6,0
 260:	2b00                	.insn	2, 0x2b00
 262:	012e                	.insn	2, 0x012e
 264:	0b3a0e03          	lb	t3,179(s4)
 268:	0b390b3b          	.insn	4, 0x0b390b3b
 26c:	0b201927          	.insn	4, 0x0b201927
 270:	0000                	.insn	2, 0x
 272:	0100                	.insn	2, 0x0100
 274:	0024                	.insn	2, 0x0024
 276:	0b3e0b0b          	.insn	4, 0x0b3e0b0b
 27a:	00000e03          	lb	t3,0(zero) # 0 <_prog_start-0x10000>
 27e:	3402                	.insn	2, 0x3402
 280:	3100                	.insn	2, 0x3100
 282:	00170213          	addi	tp,a4,1
 286:	0300                	.insn	2, 0x0300
 288:	0016                	.insn	2, 0x0016
 28a:	0b3a0e03          	lb	t3,179(s4)
 28e:	0b390b3b          	.insn	4, 0x0b390b3b
 292:	1349                	.insn	2, 0x1349
 294:	0000                	.insn	2, 0x
 296:	0504                	.insn	2, 0x0504
 298:	3100                	.insn	2, 0x3100
 29a:	05000013          	li	zero,80
 29e:	0034                	.insn	2, 0x0034
 2a0:	1331                	.insn	2, 0x1331
 2a2:	0000                	.insn	2, 0x
 2a4:	0b06                	.insn	2, 0x0b06
 2a6:	5501                	.insn	2, 0x5501
 2a8:	07000017          	auipc	zero,0x7000
 2ac:	0034                	.insn	2, 0x0034
 2ae:	213a0803          	lb	a6,531(s4)
 2b2:	3b01                	.insn	2, 0x3b01
 2b4:	490b390b          	.insn	4, 0x490b390b
 2b8:	00170213          	addi	tp,a4,1
 2bc:	0800                	.insn	2, 0x0800
 2be:	0034                	.insn	2, 0x0034
 2c0:	213a0e03          	lb	t3,531(s4)
 2c4:	3b01                	.insn	2, 0x3b01
 2c6:	1921                	.insn	2, 0x1921
 2c8:	0b39                	.insn	2, 0x0b39
 2ca:	1349                	.insn	2, 0x1349
 2cc:	1702                	.insn	2, 0x1702
 2ce:	0000                	.insn	2, 0x
 2d0:	0509                	.insn	2, 0x0509
 2d2:	3100                	.insn	2, 0x3100
 2d4:	00170213          	addi	tp,a4,1
 2d8:	0a00                	.insn	2, 0x0a00
 2da:	011d                	.insn	2, 0x011d
 2dc:	1331                	.insn	2, 0x1331
 2de:	0111                	.insn	2, 0x0111
 2e0:	0712                	.insn	2, 0x0712
 2e2:	2158                	.insn	2, 0x2158
 2e4:	5901                	.insn	2, 0x5901
 2e6:	000b570b          	.insn	4, 0x000b570b
 2ea:	0b00                	.insn	2, 0x0b00
 2ec:	0034                	.insn	2, 0x0034
 2ee:	0b3a0803          	lb	a6,179(s4)
 2f2:	0b390b3b          	.insn	4, 0x0b390b3b
 2f6:	1349                	.insn	2, 0x1349
 2f8:	0000                	.insn	2, 0x
 2fa:	0f0c                	.insn	2, 0x0f0c
 2fc:	0b00                	.insn	2, 0x0b00
 2fe:	0821                	.insn	2, 0x0821
 300:	1349                	.insn	2, 0x1349
 302:	0000                	.insn	2, 0x
 304:	260d                	.insn	2, 0x260d
 306:	4900                	.insn	2, 0x4900
 308:	0e000013          	li	zero,224
 30c:	012e                	.insn	2, 0x012e
 30e:	0e03193f 3b01213a 	.insn	8, 0x3b01213a0e03193f
 316:	0621390b          	.insn	4, 0x0621390b
 31a:	01111927          	.insn	4, 0x01111927
 31e:	0712                	.insn	2, 0x0712
 320:	1840                	.insn	2, 0x1840
 322:	197a                	.insn	2, 0x197a
 324:	1301                	.insn	2, 0x1301
 326:	0000                	.insn	2, 0x
 328:	0300050f          	.insn	4, 0x0300050f
 32c:	3a08                	.insn	2, 0x3a08
 32e:	0121                	.insn	2, 0x0121
 330:	0b390b3b          	.insn	4, 0x0b390b3b
 334:	1349                	.insn	2, 0x1349
 336:	1702                	.insn	2, 0x1702
 338:	0000                	.insn	2, 0x
 33a:	1d10                	.insn	2, 0x1d10
 33c:	3101                	.insn	2, 0x3101
 33e:	55015213          	.insn	4, 0x55015213
 342:	01215817          	auipc	a6,0x1215
 346:	0b59                	.insn	2, 0x0b59
 348:	00000b57          	.insn	4, 0x0b57
 34c:	1d11                	.insn	2, 0x1d11
 34e:	3101                	.insn	2, 0x3101
 350:	55015213          	.insn	4, 0x55015213
 354:	01215817          	auipc	a6,0x1215
 358:	0b59                	.insn	2, 0x0b59
 35a:	13010b57          	.insn	4, 0x13010b57
 35e:	0000                	.insn	2, 0x
 360:	1d12                	.insn	2, 0x1d12
 362:	3101                	.insn	2, 0x3101
 364:	12011113          	.insn	4, 0x12011113
 368:	01215807          	.insn	4, 0x01215807
 36c:	0b59                	.insn	2, 0x0b59
 36e:	01022157          	.insn	4, 0x01022157
 372:	13000013          	li	zero,304
 376:	0005                	.insn	2, 0x0005
 378:	0b3a0803          	lb	a6,179(s4)
 37c:	0b390b3b          	.insn	4, 0x0b390b3b
 380:	1349                	.insn	2, 0x1349
 382:	0000                	.insn	2, 0x
 384:	1114                	.insn	2, 0x1114
 386:	2501                	.insn	2, 0x2501
 388:	130e                	.insn	2, 0x130e
 38a:	1b1f030b          	.insn	4, 0x1b1f030b
 38e:	111f 1201 1007      	.insn	6, 0x10071201111f
 394:	15000017          	auipc	zero,0x15000
 398:	0b0b000f          	.insn	4, 0x0b0b000f
 39c:	00000e03          	lb	t3,0(zero) # 0 <_prog_start-0x10000>
 3a0:	2416                	.insn	2, 0x2416
 3a2:	0b00                	.insn	2, 0x0b00
 3a4:	030b3e0b          	.insn	4, 0x030b3e0b
 3a8:	0008                	.insn	2, 0x0008
 3aa:	1700                	.insn	2, 0x1700
 3ac:	0035                	.insn	2, 0x0035
 3ae:	1349                	.insn	2, 0x1349
 3b0:	0000                	.insn	2, 0x
 3b2:	3418                	.insn	2, 0x3418
 3b4:	0300                	.insn	2, 0x0300
 3b6:	3a0e                	.insn	2, 0x3a0e
 3b8:	390b3b0b          	.insn	4, 0x390b3b0b
 3bc:	1c13490b          	.insn	4, 0x1c13490b
 3c0:	0006                	.insn	2, 0x0006
 3c2:	1900                	.insn	2, 0x1900
 3c4:	0018                	.insn	2, 0x0018
 3c6:	0000                	.insn	2, 0x
 3c8:	341a                	.insn	2, 0x341a
 3ca:	0300                	.insn	2, 0x0300
 3cc:	3a08                	.insn	2, 0x3a08
 3ce:	390b3b0b          	.insn	4, 0x390b3b0b
 3d2:	0213490b          	.insn	4, 0x0213490b
 3d6:	0018                	.insn	2, 0x0018
 3d8:	1b00                	.insn	2, 0x1b00
 3da:	1755010b          	.insn	4, 0x1755010b
 3de:	1301                	.insn	2, 0x1301
 3e0:	0000                	.insn	2, 0x
 3e2:	341c                	.insn	2, 0x341c
 3e4:	3100                	.insn	2, 0x3100
 3e6:	00180213          	addi	tp,a6,1 # 1215355 <dtb+0x1204855>
 3ea:	1d00                	.insn	2, 0x1d00
 3ec:	012e                	.insn	2, 0x012e
 3ee:	0b3a0e03          	lb	t3,179(s4)
 3f2:	0b390b3b          	.insn	4, 0x0b390b3b
 3f6:	0b201927          	.insn	4, 0x0b201927
 3fa:	1301                	.insn	2, 0x1301
 3fc:	0000                	.insn	2, 0x
 3fe:	2e1e                	.insn	2, 0x2e1e
 400:	0301                	.insn	2, 0x0301
 402:	3a0e                	.insn	2, 0x3a0e
 404:	390b3b0b          	.insn	4, 0x390b3b0b
 408:	2019270b          	.insn	4, 0x2019270b
 40c:	0000000b          	.insn	4, 0x000b

Disassembly of section .debug_aranges:

0000000000000000 <.debug_aranges>:
   0:	002c                	.insn	2, 0x002c
   2:	0000                	.insn	2, 0x
   4:	0002                	.insn	2, 0x0002
   6:	0000                	.insn	2, 0x
   8:	0000                	.insn	2, 0x
   a:	0008                	.insn	2, 0x0008
   c:	0000                	.insn	2, 0x
   e:	0000                	.insn	2, 0x
  10:	0000                	.insn	2, 0x
  12:	0001                	.insn	2, 0x0001
  14:	0000                	.insn	2, 0x
  16:	0000                	.insn	2, 0x
  18:	00b4                	.insn	2, 0x00b4
	...
  2e:	0000                	.insn	2, 0x
  30:	003c                	.insn	2, 0x003c
  32:	0000                	.insn	2, 0x
  34:	0002                	.insn	2, 0x0002
  36:	0029                	.insn	2, 0x0029
  38:	0000                	.insn	2, 0x
  3a:	0008                	.insn	2, 0x0008
  3c:	0000                	.insn	2, 0x
  3e:	0000                	.insn	2, 0x
  40:	00b4                	.insn	2, 0x00b4
  42:	0001                	.insn	2, 0x0001
  44:	0000                	.insn	2, 0x
  46:	0000                	.insn	2, 0x
  48:	0138                	.insn	2, 0x0138
  4a:	0000                	.insn	2, 0x
  4c:	0000                	.insn	2, 0x
  4e:	0000                	.insn	2, 0x
  50:	01ec                	.insn	2, 0x01ec
  52:	0001                	.insn	2, 0x0001
  54:	0000                	.insn	2, 0x
  56:	0000                	.insn	2, 0x
  58:	05ec                	.insn	2, 0x05ec
	...
  6e:	0000                	.insn	2, 0x
  70:	002c                	.insn	2, 0x002c
  72:	0000                	.insn	2, 0x
  74:	0002                	.insn	2, 0x0002
  76:	00001047          	.insn	4, 0x1047
  7a:	0008                	.insn	2, 0x0008
  7c:	0000                	.insn	2, 0x
  7e:	0000                	.insn	2, 0x
  80:	07d8                	.insn	2, 0x07d8
  82:	0001                	.insn	2, 0x0001
  84:	0000                	.insn	2, 0x
  86:	0000                	.insn	2, 0x
  88:	01e0                	.insn	2, 0x01e0
	...

Disassembly of section .debug_str:

0000000000000000 <.debug_str>:
   0:	6568                	.insn	2, 0x6568
   2:	6461                	.insn	2, 0x6461
   4:	532e                	.insn	2, 0x532e
   6:	2f00                	.insn	2, 0x2f00
   8:	6f68                	.insn	2, 0x6f68
   a:	656d                	.insn	2, 0x656d
   c:	687a742f          	.insn	4, 0x687a742f
  10:	7061742f          	.insn	4, 0x7061742f
  14:	6f65                	.insn	2, 0x6f65
  16:	7475                	.insn	2, 0x7475
  18:	562d                	.insn	2, 0x562d
  1a:	6761796f          	jal	s2,17690 <dtb+0x6b90>
  1e:	7265                	.insn	2, 0x7265
  20:	6770662f          	.insn	4, 0x6770662f
  24:	2f61                	.insn	2, 0x2f61
  26:	2f637273          	csrrci	tp,0x2f6,6
  2a:	616d                	.insn	2, 0x616d
  2c:	6e69                	.insn	2, 0x6e69
  2e:	7365722f          	.insn	4, 0x7365722f
  32:	6372756f          	jal	a0,27e68 <dtb+0x17368>
  36:	7365                	.insn	2, 0x7365
  38:	7563762f          	.insn	4, 0x7563762f
  3c:	3131                	.insn	2, 0x3131
  3e:	2f38                	.insn	2, 0x2f38
  40:	6f626473          	csrrsi	s0,0x6f6,4
  44:	4700746f          	jal	s0,74b4 <_prog_start-0x8b4c>
  48:	554e                	.insn	2, 0x554e
  4a:	4120                	.insn	2, 0x4120
  4c:	2e322053          	.insn	4, 0x2e322053
  50:	3234                	.insn	2, 0x3234
  52:	7300                	.insn	2, 0x7300
  54:	6970                	.insn	2, 0x6970
  56:	6e6e                	.insn	2, 0x6e6e
  58:	7265                	.insn	2, 0x7265
  5a:	5f00                	.insn	2, 0x5f00
  5c:	755f 6e69 3874      	.insn	6, 0x38746e69755f
  62:	745f 7300 5f64      	.insn	6, 0x5f647300745f
  68:	30646d63          	bltu	s0,t1,382 <_prog_start-0xfc7e>
  6c:	5f00                	.insn	2, 0x5f00
  6e:	695f 746e 3233      	.insn	6, 0x3233746e695f
  74:	745f 7300 5f64      	.insn	6, 0x5f647300745f
  7a:	38646d63          	bltu	s0,t1,414 <_prog_start-0xfbec>
  7e:	7300                	.insn	2, 0x7300
  80:	5f64                	.insn	2, 0x5f64
  82:	7564                	.insn	2, 0x7564
  84:	6d6d                	.insn	2, 0x6d6d
  86:	0079                	.insn	2, 0x0079
  88:	6972706b          	.insn	4, 0x6972706b
  8c:	746e                	.insn	2, 0x746e
  8e:	0066                	.insn	2, 0x0066
  90:	5f697073          	csrci	0x5f6,18
  94:	6678                	.insn	2, 0x6678
  96:	7265                	.insn	2, 0x7265
  98:	6400                	.insn	2, 0x6400
  9a:	7461                	.insn	2, 0x7461
  9c:	0061                	.insn	2, 0x0061
  9e:	635f6473          	csrrsi	s0,0x635,30
  a2:	646d                	.insn	2, 0x646d
  a4:	3535                	.insn	2, 0x3535
  a6:	7500                	.insn	2, 0x7500
  a8:	736e                	.insn	2, 0x736e
  aa:	6769                	.insn	2, 0x6769
  ac:	656e                	.insn	2, 0x656e
  ae:	2064                	.insn	2, 0x2064
  b0:	72616863          	bltu	sp,t1,7e0 <_prog_start-0xf820>
  b4:	7300                	.insn	2, 0x7300
  b6:	5f64                	.insn	2, 0x5f64
  b8:	35646d63          	bltu	s0,s6,412 <_prog_start-0xfbee>
  bc:	0038                	.insn	2, 0x0038
  be:	6f6c                	.insn	2, 0x6f6c
  c0:	676e                	.insn	2, 0x676e
  c2:	7520                	.insn	2, 0x7520
  c4:	736e                	.insn	2, 0x736e
  c6:	6769                	.insn	2, 0x6769
  c8:	656e                	.insn	2, 0x656e
  ca:	2064                	.insn	2, 0x2064
  cc:	6e69                	.insn	2, 0x6e69
  ce:	0074                	.insn	2, 0x0074
  d0:	726f6873          	csrrsi	a6,mhpmevent6h,30
  d4:	2074                	.insn	2, 0x2074
  d6:	6e75                	.insn	2, 0x6e75
  d8:	6e676973          	csrrsi	s2,0x6e6,14
  dc:	6465                	.insn	2, 0x6465
  de:	6920                	.insn	2, 0x6920
  e0:	746e                	.insn	2, 0x746e
  e2:	6300                	.insn	2, 0x6300
  e4:	6372                	.insn	2, 0x6372
  e6:	655f 7078 5f00      	.insn	6, 0x5f007078655f
  ec:	755f 6e69 3174      	.insn	6, 0x31746e69755f
  f2:	5f36                	.insn	2, 0x5f36
  f4:	0074                	.insn	2, 0x0074
  f6:	6f64                	.insn	2, 0x6f64
  f8:	656e                	.insn	2, 0x656e
  fa:	5f00                	.insn	2, 0x5f00
  fc:	755f 6e69 3374      	.insn	6, 0x33746e69755f
 102:	5f32                	.insn	2, 0x5f32
 104:	0074                	.insn	2, 0x0074
 106:	20554e47          	.insn	4, 0x20554e47
 10a:	20313143          	.insn	4, 0x20313143
 10e:	3331                	.insn	2, 0x3331
 110:	322e                	.insn	2, 0x322e
 112:	302e                	.insn	2, 0x302e
 114:	2d20                	.insn	2, 0x2d20
 116:	636d                	.insn	2, 0x636d
 118:	6f6d                	.insn	2, 0x6f6d
 11a:	6564                	.insn	2, 0x6564
 11c:	3d6c                	.insn	2, 0x3d6c
 11e:	656d                	.insn	2, 0x656d
 120:	6164                	.insn	2, 0x6164
 122:	796e                	.insn	2, 0x796e
 124:	2d20                	.insn	2, 0x2d20
 126:	616d                	.insn	2, 0x616d
 128:	6962                	.insn	2, 0x6962
 12a:	6c3d                	.insn	2, 0x6c3d
 12c:	3670                	.insn	2, 0x3670
 12e:	2034                	.insn	2, 0x2034
 130:	6d2d                	.insn	2, 0x6d2d
 132:	7574                	.insn	2, 0x7574
 134:	656e                	.insn	2, 0x656e
 136:	723d                	.insn	2, 0x723d
 138:	656b636f          	jal	t1,b678e <dtb+0xa5c8e>
 13c:	2074                	.insn	2, 0x2074
 13e:	6d2d                	.insn	2, 0x6d2d
 140:	7369                	.insn	2, 0x7369
 142:	2d61                	.insn	2, 0x2d61
 144:	63657073          	csrci	0x636,10
 148:	323d                	.insn	2, 0x323d
 14a:	3130                	.insn	2, 0x3130
 14c:	3139                	.insn	2, 0x3139
 14e:	3132                	.insn	2, 0x3132
 150:	6d2d2033          	.insn	4, 0x6d2d2033
 154:	7261                	.insn	2, 0x7261
 156:	723d6863          	bltu	s10,gp,886 <_prog_start-0xf77a>
 15a:	3676                	.insn	2, 0x3676
 15c:	6934                	.insn	2, 0x6934
 15e:	616d                	.insn	2, 0x616d
 160:	7a5f 6369 7273      	.insn	6, 0x727363697a5f
 166:	7a5f 6669 6e65      	.insn	6, 0x6e6566697a5f
 16c:	20696563          	bltu	s2,t1,376 <_prog_start-0xfc8a>
 170:	672d                	.insn	2, 0x672d
 172:	2d20                	.insn	2, 0x2d20
 174:	2d20324f          	.insn	4, 0x2d20324f
 178:	3d647473          	csrrci	s0,0x3d6,8
 17c:	31756e67          	.insn	4, 0x31756e67
 180:	2031                	.insn	2, 0x2031
 182:	662d                	.insn	2, 0x662d
 184:	6f6e                	.insn	2, 0x6f6e
 186:	632d                	.insn	2, 0x632d
 188:	6f6d6d6f          	jal	s10,d687e <dtb+0xc5d7e>
 18c:	006e                	.insn	2, 0x006e
 18e:	616d                	.insn	2, 0x616d
 190:	6e69                	.insn	2, 0x6e69
 192:	7300                	.insn	2, 0x7300
 194:	5f64                	.insn	2, 0x5f64
 196:	6f70                	.insn	2, 0x6f70
 198:	6f726577          	.insn	4, 0x6f726577
 19c:	006e                	.insn	2, 0x006e
 19e:	31637263          	bgeu	t1,s6,4a2 <_prog_start-0xfb5e>
 1a2:	5f36                	.insn	2, 0x5f36
 1a4:	6f72                	.insn	2, 0x6f72
 1a6:	6e75                	.insn	2, 0x6e75
 1a8:	0064                	.insn	2, 0x0064
 1aa:	635f6473          	csrrsi	s0,0x635,30
 1ae:	646d                	.insn	2, 0x646d
 1b0:	7300                	.insn	2, 0x7300
 1b2:	6f68                	.insn	2, 0x6f68
 1b4:	7472                	.insn	2, 0x7472
 1b6:	6920                	.insn	2, 0x6920
 1b8:	746e                	.insn	2, 0x746e
 1ba:	7300                	.insn	2, 0x7300
 1bc:	5f64                	.insn	2, 0x5f64
 1be:	5f646d63          	bltu	s0,s6,7b8 <_prog_start-0xf848>
 1c2:	6e65                	.insn	2, 0x6e65
 1c4:	0064                	.insn	2, 0x0064
 1c6:	6175                	.insn	2, 0x6175
 1c8:	7472                	.insn	2, 0x7472
 1ca:	6c00                	.insn	2, 0x6c00
 1cc:	20676e6f          	jal	t3,763d2 <dtb+0x658d2>
 1d0:	6e69                	.insn	2, 0x6e69
 1d2:	0074                	.insn	2, 0x0074
 1d4:	7475706b          	.insn	4, 0x7475706b
 1d8:	64730063          	beq	t1,t2,818 <_prog_start-0xf7e8>
 1dc:	635f 646d 3631      	.insn	6, 0x3631646d635f
 1e2:	7300                	.insn	2, 0x7300
 1e4:	5f64                	.insn	2, 0x5f64
 1e6:	6361                	.insn	2, 0x6361
 1e8:	646d                	.insn	2, 0x646d
 1ea:	3134                	.insn	2, 0x3134
 1ec:	6300                	.insn	2, 0x6300
 1ee:	0079706f          	j	979f4 <dtb+0x86ef4>
 1f2:	7369                	.insn	2, 0x7369
 1f4:	635f 6168 0072      	.insn	6, 0x00726168635f
 1fa:	5f5f 7562 6c69      	.insn	6, 0x6c6975625f5f
 200:	6974                	.insn	2, 0x6974
 202:	5f6e                	.insn	2, 0x5f6e
 204:	6176                	.insn	2, 0x6176
 206:	6c5f 7369 0074      	.insn	6, 0x007473696c5f
 20c:	7369                	.insn	2, 0x7369
 20e:	6c5f 6e6f 0067      	.insn	6, 0x00676e6f6c5f
 214:	5f5f 6e67 6375      	.insn	6, 0x63756e675f5f
 21a:	765f 5f61 696c      	.insn	6, 0x696c5f61765f
 220:	69007473          	csrrci	s0,0x690,0
 224:	6f665f73          	csrrwi	t5,0x6f6,12
 228:	6d72                	.insn	2, 0x6d72
 22a:	7461                	.insn	2, 0x7461
 22c:	5f00                	.insn	2, 0x5f00
 22e:	7475706b          	.insn	4, 0x7475706b
 232:	425f0073          	.insn	4, 0x425f0073
 236:	006c6f6f          	jal	t5,c623c <dtb+0xb573c>

Disassembly of section .debug_loclists:

0000000000000000 <.debug_loclists>:
   0:	055e                	.insn	2, 0x055e
   2:	0000                	.insn	2, 0x
   4:	0005                	.insn	2, 0x0005
   6:	0008                	.insn	2, 0x0008
   8:	0000                	.insn	2, 0x
   a:	0000                	.insn	2, 0x
   c:	3408                	.insn	2, 0x3408
   e:	0102                	.insn	2, 0x0102
  10:	0000                	.insn	2, 0x
  12:	0000                	.insn	2, 0x
  14:	1000                	.insn	2, 0x1000
  16:	3a02                	.insn	2, 0x3a02
  18:	009f 4408 0102      	.insn	6, 0x01024408009f
  1e:	0000                	.insn	2, 0x
  20:	0000                	.insn	2, 0x
  22:	0c00                	.insn	2, 0x0c00
  24:	9fff0903          	lb	s2,-1537(t5)
  28:	0800                	.insn	2, 0x0800
  2a:	024c                	.insn	2, 0x024c
  2c:	0001                	.insn	2, 0x0001
  2e:	0000                	.insn	2, 0x
  30:	0000                	.insn	2, 0x
  32:	0104                	.insn	2, 0x0104
  34:	005f 8408 0102      	.insn	6, 0x01028408005f
  3a:	0000                	.insn	2, 0x
  3c:	0000                	.insn	2, 0x
  3e:	2000                	.insn	2, 0x2000
  40:	08007a0b          	.insn	4, 0x08007a0b
  44:	2e311aff 9f1aff08 	.insn	12, 0x028408009f1aff082e311aff
  4c:	02840800 
  50:	0001                	.insn	2, 0x0001
  52:	0000                	.insn	2, 0x
  54:	0000                	.insn	2, 0x
  56:	0314                	.insn	2, 0x0314
  58:	ff09                	.insn	2, 0xff09
  5a:	009f 9408 0102      	.insn	6, 0x01029408009f
  60:	0000                	.insn	2, 0x
  62:	0000                	.insn	2, 0x
  64:	0400                	.insn	2, 0x0400
  66:	5f01                	.insn	2, 0x5f01
  68:	0600                	.insn	2, 0x0600
  6a:	02dc                	.insn	2, 0x02dc
  6c:	0001                	.insn	2, 0x0001
  6e:	0000                	.insn	2, 0x
  70:	0000                	.insn	2, 0x
  72:	0004                	.insn	2, 0x0004
  74:	0664                	.insn	2, 0x0664
  76:	ff08007b          	.insn	4, 0xff08007b
  7a:	9f1a                	.insn	2, 0x9f1a
  7c:	6404                	.insn	2, 0x6404
  7e:	0198                	.insn	2, 0x0198
  80:	7b09                	.insn	2, 0x7b09
  82:	7e00                	.insn	2, 0x7e00
  84:	2100                	.insn	2, 0x2100
  86:	ff08                	.insn	2, 0xff08
  88:	9f1a                	.insn	2, 0x9f1a
  8a:	a004                	.insn	2, 0xa004
  8c:	b801                	.insn	2, 0xb801
  8e:	0601                	.insn	2, 0x0601
  90:	007d                	.insn	2, 0x007d
  92:	ff08                	.insn	2, 0xff08
  94:	9f1a                	.insn	2, 0x9f1a
  96:	0800                	.insn	2, 0x0800
  98:	02dc                	.insn	2, 0x02dc
  9a:	0001                	.insn	2, 0x0001
  9c:	0000                	.insn	2, 0x
  9e:	0000                	.insn	2, 0x
  a0:	0314                	.insn	2, 0x0314
  a2:	ff09                	.insn	2, 0xff09
  a4:	009f ec08 0102      	.insn	6, 0x0102ec08009f
  aa:	0000                	.insn	2, 0x
  ac:	0000                	.insn	2, 0x
  ae:	0400                	.insn	2, 0x0400
  b0:	5f01                	.insn	2, 0x5f01
  b2:	0800                	.insn	2, 0x0800
  b4:	02f0                	.insn	2, 0x02f0
  b6:	0001                	.insn	2, 0x0001
  b8:	0000                	.insn	2, 0x
  ba:	0000                	.insn	2, 0x
  bc:	031c                	.insn	2, 0x031c
  be:	ff09                	.insn	2, 0xff09
  c0:	009f 0808 0103      	.insn	6, 0x01030808009f
  c6:	0000                	.insn	2, 0x
  c8:	0000                	.insn	2, 0x
  ca:	0400                	.insn	2, 0x0400
  cc:	5f01                	.insn	2, 0x5f01
  ce:	0800                	.insn	2, 0x0800
  d0:	030c                	.insn	2, 0x030c
  d2:	0001                	.insn	2, 0x0001
  d4:	0000                	.insn	2, 0x
  d6:	0000                	.insn	2, 0x
  d8:	0320                	.insn	2, 0x0320
  da:	ff09                	.insn	2, 0xff09
  dc:	009f 2808 0103      	.insn	6, 0x01032808009f
  e2:	0000                	.insn	2, 0x
  e4:	0000                	.insn	2, 0x
  e6:	0400                	.insn	2, 0x0400
  e8:	5e01                	.insn	2, 0x5e01
  ea:	0800                	.insn	2, 0x0800
  ec:	0340                	.insn	2, 0x0340
  ee:	0001                	.insn	2, 0x0001
  f0:	0000                	.insn	2, 0x
  f2:	0000                	.insn	2, 0x
  f4:	0318                	.insn	2, 0x0318
  f6:	ff09                	.insn	2, 0xff09
  f8:	009f 5408 0103      	.insn	6, 0x01035408009f
  fe:	0000                	.insn	2, 0x
 100:	0000                	.insn	2, 0x
 102:	0400                	.insn	2, 0x0400
 104:	5d01                	.insn	2, 0x5d01
 106:	0800                	.insn	2, 0x0800
 108:	037c                	.insn	2, 0x037c
 10a:	0001                	.insn	2, 0x0001
 10c:	0000                	.insn	2, 0x
 10e:	0000                	.insn	2, 0x
 110:	0310                	.insn	2, 0x0310
 112:	ff09                	.insn	2, 0xff09
 114:	009f 8808 0103      	.insn	6, 0x01038808009f
 11a:	0000                	.insn	2, 0x
 11c:	0000                	.insn	2, 0x
 11e:	0400                	.insn	2, 0x0400
 120:	5f01                	.insn	2, 0x5f01
 122:	0800                	.insn	2, 0x0800
 124:	0424                	.insn	2, 0x0424
 126:	0001                	.insn	2, 0x0001
 128:	0000                	.insn	2, 0x
 12a:	0000                	.insn	2, 0x
 12c:	0104                	.insn	2, 0x0104
 12e:	005a                	.insn	2, 0x005a
 130:	0408                	.insn	2, 0x0408
 132:	0104                	.insn	2, 0x0104
 134:	0000                	.insn	2, 0x
 136:	0000                	.insn	2, 0x
 138:	0c00                	.insn	2, 0x0c00
 13a:	9fff0903          	lb	s2,-1537(t5)
 13e:	0800                	.insn	2, 0x0800
 140:	040c                	.insn	2, 0x040c
 142:	0001                	.insn	2, 0x0001
 144:	0000                	.insn	2, 0x
 146:	0000                	.insn	2, 0x
 148:	0104                	.insn	2, 0x0104
 14a:	005f 6c06 0104      	.insn	6, 0x01046c06005f
 150:	0000                	.insn	2, 0x
 152:	0000                	.insn	2, 0x
 154:	0400                	.insn	2, 0x0400
 156:	2c00                	.insn	2, 0x2c00
 158:	7c06                	.insn	2, 0x7c06
 15a:	0800                	.insn	2, 0x0800
 15c:	049f1aff 06019c2c 	.insn	12, 0xff08007d06019c2c049f1aff
 164:	ff08007d 
 168:	9f1a                	.insn	2, 0x9f1a
 16a:	0800                	.insn	2, 0x0800
 16c:	046c                	.insn	2, 0x046c
 16e:	0001                	.insn	2, 0x0001
 170:	0000                	.insn	2, 0x
 172:	0000                	.insn	2, 0x
 174:	0314                	.insn	2, 0x0314
 176:	ff09                	.insn	2, 0xff09
 178:	009f 7c08 0104      	.insn	6, 0x01047c08009f
 17e:	0000                	.insn	2, 0x
 180:	0000                	.insn	2, 0x
 182:	0400                	.insn	2, 0x0400
 184:	5e01                	.insn	2, 0x5e01
 186:	0800                	.insn	2, 0x0800
 188:	0498                	.insn	2, 0x0498
 18a:	0001                	.insn	2, 0x0001
 18c:	0000                	.insn	2, 0x
 18e:	0000                	.insn	2, 0x
 190:	0314                	.insn	2, 0x0314
 192:	ff09                	.insn	2, 0xff09
 194:	009f a808 0104      	.insn	6, 0x0104a808009f
 19a:	0000                	.insn	2, 0x
 19c:	0000                	.insn	2, 0x
 19e:	0400                	.insn	2, 0x0400
 1a0:	5f01                	.insn	2, 0x5f01
 1a2:	0800                	.insn	2, 0x0800
 1a4:	04ac                	.insn	2, 0x04ac
 1a6:	0001                	.insn	2, 0x0001
 1a8:	0000                	.insn	2, 0x
 1aa:	0000                	.insn	2, 0x
 1ac:	031c                	.insn	2, 0x031c
 1ae:	ff09                	.insn	2, 0xff09
 1b0:	009f c408 0104      	.insn	6, 0x0104c408009f
 1b6:	0000                	.insn	2, 0x
 1b8:	0000                	.insn	2, 0x
 1ba:	0400                	.insn	2, 0x0400
 1bc:	5f01                	.insn	2, 0x5f01
 1be:	0800                	.insn	2, 0x0800
 1c0:	04c8                	.insn	2, 0x04c8
 1c2:	0001                	.insn	2, 0x0001
 1c4:	0000                	.insn	2, 0x
 1c6:	0000                	.insn	2, 0x
 1c8:	031c                	.insn	2, 0x031c
 1ca:	ff09                	.insn	2, 0xff09
 1cc:	009f e008 0104      	.insn	6, 0x0104e008009f
 1d2:	0000                	.insn	2, 0x
 1d4:	0000                	.insn	2, 0x
 1d6:	0400                	.insn	2, 0x0400
 1d8:	5f01                	.insn	2, 0x5f01
 1da:	0800                	.insn	2, 0x0800
 1dc:	04e4                	.insn	2, 0x04e4
 1de:	0001                	.insn	2, 0x0001
 1e0:	0000                	.insn	2, 0x
 1e2:	0000                	.insn	2, 0x
 1e4:	031c                	.insn	2, 0x031c
 1e6:	ff09                	.insn	2, 0xff09
 1e8:	009f fc08 0104      	.insn	6, 0x0104fc08009f
 1ee:	0000                	.insn	2, 0x
 1f0:	0000                	.insn	2, 0x
 1f2:	0400                	.insn	2, 0x0400
 1f4:	5f01                	.insn	2, 0x5f01
 1f6:	0800                	.insn	2, 0x0800
 1f8:	0538                	.insn	2, 0x0538
 1fa:	0001                	.insn	2, 0x0001
 1fc:	0000                	.insn	2, 0x
 1fe:	0000                	.insn	2, 0x
 200:	0b18                	.insn	2, 0x0b18
 202:	007e                	.insn	2, 0x007e
 204:	ff08                	.insn	2, 0xff08
 206:	301a                	.insn	2, 0x301a
 208:	082e                	.insn	2, 0x082e
 20a:	009f1aff 01053808 	.insn	12, 0x01053808009f1aff
 212:	00000000 
 216:	1000                	.insn	2, 0x1000
 218:	9fff0903          	lb	s2,-1537(t5)
 21c:	0800                	.insn	2, 0x0800
 21e:	0544                	.insn	2, 0x0544
 220:	0001                	.insn	2, 0x0001
 222:	0000                	.insn	2, 0x
 224:	0000                	.insn	2, 0x
 226:	0104                	.insn	2, 0x0104
 228:	005d                	.insn	2, 0x005d
 22a:	5406                	.insn	2, 0x5406
 22c:	0105                	.insn	2, 0x0105
 22e:	0000                	.insn	2, 0x
 230:	0000                	.insn	2, 0x
 232:	0400                	.insn	2, 0x0400
 234:	9400                	.insn	2, 0x9400
 236:	0401                	.insn	2, 0x0401
 238:	4b40                	.insn	2, 0x4b40
 23a:	9f24                	.insn	2, 0x9f24
 23c:	b804                	.insn	2, 0xb804
 23e:	9c01                	.insn	2, 0x9c01
 240:	0102                	.insn	2, 0x0102
 242:	029c045b          	.insn	4, 0x029c045b
 246:	0380                	.insn	2, 0x0380
 248:	5801                	.insn	2, 0x5801
 24a:	8c04                	.insn	2, 0x8c04
 24c:	c804                	.insn	2, 0xc804
 24e:	0104                	.insn	2, 0x0104
 250:	0458                	.insn	2, 0x0458
 252:	04cc                	.insn	2, 0x04cc
 254:	0580                	.insn	2, 0x0580
 256:	4004                	.insn	2, 0x4004
 258:	009f244b          	.insn	4, 0x009f244b
 25c:	5406                	.insn	2, 0x5406
 25e:	0105                	.insn	2, 0x0105
 260:	0000                	.insn	2, 0x
 262:	0000                	.insn	2, 0x
 264:	0400                	.insn	2, 0x0400
 266:	9400                	.insn	2, 0x9400
 268:	0401                	.insn	2, 0x0401
 26a:	000a                	.insn	2, 0x000a
 26c:	9ff0                	.insn	2, 0x9ff0
 26e:	f804                	.insn	2, 0xf804
 270:	8002                	.insn	2, 0x8002
 272:	046f0103          	lb	sp,70(t5)
 276:	04cc                	.insn	2, 0x04cc
 278:	0580                	.insn	2, 0x0580
 27a:	0a04                	.insn	2, 0x0a04
 27c:	f000                	.insn	2, 0xf000
 27e:	009f 5406 0105      	.insn	6, 0x01055406009f
 284:	0000                	.insn	2, 0x
 286:	0000                	.insn	2, 0x
 288:	0400                	.insn	2, 0x0400
 28a:	8000                	.insn	2, 0x8000
 28c:	9f300203          	lb	tp,-1549(zero) # fffffffffffff9f3 <_sp+0xffffffff7feff9f3>
 290:	8004                	.insn	2, 0x8004
 292:	0103e403          	lwu	s0,16(t2)
 296:	0458                	.insn	2, 0x0458
 298:	048c                	.insn	2, 0x048c
 29a:	04c4                	.insn	2, 0x04c4
 29c:	3002                	.insn	2, 0x3002
 29e:	049f 04c4 04cc      	.insn	6, 0x04cc04c4049f
 2a4:	3102                	.insn	2, 0x3102
 2a6:	049f 04cc 0580      	.insn	6, 0x058004cc049f
 2ac:	3002                	.insn	2, 0x3002
 2ae:	009f 0c06 0106      	.insn	6, 0x01060c06009f
 2b4:	0000                	.insn	2, 0x
 2b6:	0000                	.insn	2, 0x
 2b8:	0400                	.insn	2, 0x0400
 2ba:	1800                	.insn	2, 0x1800
 2bc:	5d01                	.insn	2, 0x5d01
 2be:	6c04                	.insn	2, 0x6c04
 2c0:	01bc                	.insn	2, 0x01bc
 2c2:	5d01                	.insn	2, 0x5d01
 2c4:	d404                	.insn	2, 0xd404
 2c6:	f002                	.insn	2, 0xf002
 2c8:	0102                	.insn	2, 0x0102
 2ca:	045d                	.insn	2, 0x045d
 2cc:	0380                	.insn	2, 0x0380
 2ce:	5d01038b          	.insn	4, 0x5d01038b
 2d2:	0600                	.insn	2, 0x0600
 2d4:	06a4                	.insn	2, 0x06a4
 2d6:	0001                	.insn	2, 0x0001
 2d8:	0000                	.insn	2, 0x
 2da:	0000                	.insn	2, 0x
 2dc:	0004                	.insn	2, 0x0004
 2de:	0110                	.insn	2, 0x0110
 2e0:	045e                	.insn	2, 0x045e
 2e2:	2410                	.insn	2, 0x2410
 2e4:	7b09                	.insn	2, 0x7b09
 2e6:	0800                	.insn	2, 0x0800
 2e8:	007e1aff e8049f21 	.insn	12, 0x0901f301e8049f21007e1aff
 2f0:	0901f301 
 2f4:	ff08007b          	.insn	4, 0xff08007b
 2f8:	7e1a                	.insn	2, 0x7e1a
 2fa:	2100                	.insn	2, 0x2100
 2fc:	009f e808 0105      	.insn	6, 0x0105e808009f
 302:	0000                	.insn	2, 0x
 304:	0000                	.insn	2, 0x
 306:	1000                	.insn	2, 0x1000
 308:	9fff0903          	lb	s2,-1537(t5)
 30c:	0800                	.insn	2, 0x0800
 30e:	05f4                	.insn	2, 0x05f4
 310:	0001                	.insn	2, 0x0001
 312:	0000                	.insn	2, 0x
 314:	0000                	.insn	2, 0x
 316:	0104                	.insn	2, 0x0104
 318:	005e                	.insn	2, 0x005e
 31a:	3008                	.insn	2, 0x3008
 31c:	0106                	.insn	2, 0x0106
 31e:	0000                	.insn	2, 0x
 320:	0000                	.insn	2, 0x
 322:	5800                	.insn	2, 0x5800
 324:	5e01                	.insn	2, 0x5e01
 326:	0800                	.insn	2, 0x0800
 328:	0674                	.insn	2, 0x0674
 32a:	0001                	.insn	2, 0x0001
 32c:	0000                	.insn	2, 0x
 32e:	0000                	.insn	2, 0x
 330:	0104                	.insn	2, 0x0104
 332:	005e                	.insn	2, 0x005e
 334:	0c08                	.insn	2, 0x0c08
 336:	0106                	.insn	2, 0x0106
 338:	0000                	.insn	2, 0x
 33a:	0000                	.insn	2, 0x
 33c:	2400                	.insn	2, 0x2400
 33e:	9fff0903          	lb	s2,-1537(t5)
 342:	0800                	.insn	2, 0x0800
 344:	0618                	.insn	2, 0x0618
 346:	0001                	.insn	2, 0x0001
 348:	0000                	.insn	2, 0x
 34a:	0000                	.insn	2, 0x
 34c:	0118                	.insn	2, 0x0118
 34e:	005e                	.insn	2, 0x005e
 350:	6408                	.insn	2, 0x6408
 352:	00000107          	.insn	4, 0x0107
 356:	0000                	.insn	2, 0x
 358:	0800                	.insn	2, 0x0800
 35a:	5f01                	.insn	2, 0x5f01
 35c:	0800                	.insn	2, 0x0800
 35e:	0684                	.insn	2, 0x0684
 360:	0001                	.insn	2, 0x0001
 362:	0000                	.insn	2, 0x
 364:	0000                	.insn	2, 0x
 366:	0310                	.insn	2, 0x0310
 368:	ff09                	.insn	2, 0xff09
 36a:	009f 9008 0106      	.insn	6, 0x01069008009f
 370:	0000                	.insn	2, 0x
 372:	0000                	.insn	2, 0x
 374:	0400                	.insn	2, 0x0400
 376:	5e01                	.insn	2, 0x5e01
 378:	0800                	.insn	2, 0x0800
 37a:	06a4                	.insn	2, 0x06a4
 37c:	0001                	.insn	2, 0x0001
 37e:	0000                	.insn	2, 0x
 380:	0000                	.insn	2, 0x
 382:	0310                	.insn	2, 0x0310
 384:	ff09                	.insn	2, 0xff09
 386:	009f b008 0106      	.insn	6, 0x0106b008009f
 38c:	0000                	.insn	2, 0x
 38e:	0000                	.insn	2, 0x
 390:	0400                	.insn	2, 0x0400
 392:	5b01                	.insn	2, 0x5b01
 394:	0800                	.insn	2, 0x0800
 396:	077c                	.insn	2, 0x077c
 398:	0001                	.insn	2, 0x0001
 39a:	0000                	.insn	2, 0x
 39c:	0000                	.insn	2, 0x
 39e:	0110                	.insn	2, 0x0110
 3a0:	005f 7c08 0107      	.insn	6, 0x01077c08005f
 3a6:	0000                	.insn	2, 0x
 3a8:	0000                	.insn	2, 0x
 3aa:	1000                	.insn	2, 0x1000
 3ac:	4904                	.insn	2, 0x4904
 3ae:	244a                	.insn	2, 0x244a
 3b0:	009f 8008 0107      	.insn	6, 0x01078008009f
 3b6:	0000                	.insn	2, 0x
 3b8:	0000                	.insn	2, 0x
 3ba:	0c00                	.insn	2, 0x0c00
 3bc:	5e01                	.insn	2, 0x5e01
 3be:	0800                	.insn	2, 0x0800
 3c0:	06d4                	.insn	2, 0x06d4
 3c2:	0001                	.insn	2, 0x0001
 3c4:	0000                	.insn	2, 0x
 3c6:	0000                	.insn	2, 0x
 3c8:	031c                	.insn	2, 0x031c
 3ca:	ff09                	.insn	2, 0xff09
 3cc:	009f ec08 0106      	.insn	6, 0x0106ec08009f
 3d2:	0000                	.insn	2, 0x
 3d4:	0000                	.insn	2, 0x
 3d6:	0400                	.insn	2, 0x0400
 3d8:	5e01                	.insn	2, 0x5e01
 3da:	0800                	.insn	2, 0x0800
 3dc:	0708                	.insn	2, 0x0708
 3de:	0001                	.insn	2, 0x0001
 3e0:	0000                	.insn	2, 0x
 3e2:	0000                	.insn	2, 0x
 3e4:	031c                	.insn	2, 0x031c
 3e6:	ff09                	.insn	2, 0xff09
 3e8:	009f 2008 0107      	.insn	6, 0x01072008009f
 3ee:	0000                	.insn	2, 0x
 3f0:	0000                	.insn	2, 0x
 3f2:	0400                	.insn	2, 0x0400
 3f4:	5e01                	.insn	2, 0x5e01
 3f6:	0800                	.insn	2, 0x0800
 3f8:	07a0                	.insn	2, 0x07a0
 3fa:	0001                	.insn	2, 0x0001
 3fc:	0000                	.insn	2, 0x
 3fe:	0000                	.insn	2, 0x
 400:	031c                	.insn	2, 0x031c
 402:	ff09                	.insn	2, 0xff09
 404:	009f b808 0107      	.insn	6, 0x0107b808009f
 40a:	0000                	.insn	2, 0x
 40c:	0000                	.insn	2, 0x
 40e:	0400                	.insn	2, 0x0400
 410:	5e01                	.insn	2, 0x5e01
 412:	0600                	.insn	2, 0x0600
 414:	00b4                	.insn	2, 0x00b4
 416:	0001                	.insn	2, 0x0001
 418:	0000                	.insn	2, 0x
 41a:	0000                	.insn	2, 0x
 41c:	0004                	.insn	2, 0x0004
 41e:	013c                	.insn	2, 0x013c
 420:	045a                	.insn	2, 0x045a
 422:	b83c                	.insn	2, 0xb83c
 424:	0402                	.insn	2, 0x0402
 426:	9f5a01a3          	sb	s5,-1565(s4)
 42a:	0600                	.insn	2, 0x0600
 42c:	00b4                	.insn	2, 0x00b4
 42e:	0001                	.insn	2, 0x0001
 430:	0000                	.insn	2, 0x
 432:	0000                	.insn	2, 0x
 434:	0004                	.insn	2, 0x0004
 436:	01ac                	.insn	2, 0x01ac
 438:	5b01                	.insn	2, 0x5b01
 43a:	ac04                	.insn	2, 0xac04
 43c:	b801                	.insn	2, 0xb801
 43e:	0402                	.insn	2, 0x0402
 440:	9f5b01a3          	sb	s5,-1565(s6) # 3100fb17 <dtb+0x30fff017>
 444:	0600                	.insn	2, 0x0600
 446:	00b4                	.insn	2, 0x00b4
 448:	0001                	.insn	2, 0x0001
 44a:	0000                	.insn	2, 0x
 44c:	0000                	.insn	2, 0x
 44e:	0004                	.insn	2, 0x0004
 450:	01e0                	.insn	2, 0x01e0
 452:	5c01                	.insn	2, 0x5c01
 454:	e004                	.insn	2, 0xe004
 456:	e801                	.insn	2, 0xe801
 458:	0101                	.insn	2, 0x0101
 45a:	045d                	.insn	2, 0x045d
 45c:	01e8                	.insn	2, 0x01e8
 45e:	02b8                	.insn	2, 0x02b8
 460:	a304                	.insn	2, 0xa304
 462:	5c01                	.insn	2, 0x5c01
 464:	009f b806 0101      	.insn	6, 0x0101b806009f
 46a:	0000                	.insn	2, 0x
 46c:	0000                	.insn	2, 0x
 46e:	0400                	.insn	2, 0x0400
 470:	2c00                	.insn	2, 0x2c00
 472:	5801                	.insn	2, 0x5801
 474:	2c04                	.insn	2, 0x2c04
 476:	0134                	.insn	2, 0x0134
 478:	005a                	.insn	2, 0x005a
 47a:	cc08                	.insn	2, 0xcc08
 47c:	0100                	.insn	2, 0x0100
 47e:	0000                	.insn	2, 0x
 480:	0000                	.insn	2, 0x
 482:	1c00                	.insn	2, 0x1c00
 484:	9fff0903          	lb	s2,-1537(t5)
 488:	0800                	.insn	2, 0x0800
 48a:	00e4                	.insn	2, 0x00e4
 48c:	0001                	.insn	2, 0x0001
 48e:	0000                	.insn	2, 0x
 490:	0000                	.insn	2, 0x
 492:	0104                	.insn	2, 0x0104
 494:	005f e806 0100      	.insn	6, 0x0100e806005f
 49a:	0000                	.insn	2, 0x
 49c:	0000                	.insn	2, 0x
 49e:	0400                	.insn	2, 0x0400
 4a0:	1400                	.insn	2, 0x1400
 4a2:	5a01                	.insn	2, 0x5a01
 4a4:	1404                	.insn	2, 0x1404
 4a6:	041c                	.insn	2, 0x041c
 4a8:	9f5a01a3          	sb	s5,-1565(s4)
 4ac:	0800                	.insn	2, 0x0800
 4ae:	0100                	.insn	2, 0x0100
 4b0:	0001                	.insn	2, 0x0001
 4b2:	0000                	.insn	2, 0x
 4b4:	0000                	.insn	2, 0x
 4b6:	0104                	.insn	2, 0x0104
 4b8:	005f 1c08 0101      	.insn	6, 0x01011c08005f
 4be:	0000                	.insn	2, 0x
 4c0:	0000                	.insn	2, 0x
 4c2:	0400                	.insn	2, 0x0400
 4c4:	5f01                	.insn	2, 0x5f01
 4c6:	0800                	.insn	2, 0x0800
 4c8:	0120                	.insn	2, 0x0120
 4ca:	0001                	.insn	2, 0x0001
 4cc:	0000                	.insn	2, 0x
 4ce:	0000                	.insn	2, 0x
 4d0:	0518                	.insn	2, 0x0518
 4d2:	2540007b          	.insn	4, 0x2540007b
 4d6:	009f 3408 0101      	.insn	6, 0x01013408009f
 4dc:	0000                	.insn	2, 0x
 4de:	0000                	.insn	2, 0x
 4e0:	0400                	.insn	2, 0x0400
 4e2:	5f01                	.insn	2, 0x5f01
 4e4:	0800                	.insn	2, 0x0800
 4e6:	0138                	.insn	2, 0x0138
 4e8:	0001                	.insn	2, 0x0001
 4ea:	0000                	.insn	2, 0x
 4ec:	0000                	.insn	2, 0x
 4ee:	0520                	.insn	2, 0x0520
 4f0:	2538007b          	.insn	4, 0x2538007b
 4f4:	009f 5408 0101      	.insn	6, 0x01015408009f
 4fa:	0000                	.insn	2, 0x
 4fc:	0000                	.insn	2, 0x
 4fe:	0400                	.insn	2, 0x0400
 500:	5f01                	.insn	2, 0x5f01
 502:	0800                	.insn	2, 0x0800
 504:	0158                	.insn	2, 0x0158
 506:	0001                	.insn	2, 0x0001
 508:	0000                	.insn	2, 0x
 50a:	0000                	.insn	2, 0x
 50c:	011c                	.insn	2, 0x011c
 50e:	7008005b          	.insn	4, 0x7008005b
 512:	0101                	.insn	2, 0x0101
 514:	0000                	.insn	2, 0x
 516:	0000                	.insn	2, 0x
 518:	0400                	.insn	2, 0x0400
 51a:	5f01                	.insn	2, 0x5f01
 51c:	0600                	.insn	2, 0x0600
 51e:	0174                	.insn	2, 0x0174
 520:	0001                	.insn	2, 0x0001
 522:	0000                	.insn	2, 0x
 524:	0000                	.insn	2, 0x
 526:	0004                	.insn	2, 0x0004
 528:	0120                	.insn	2, 0x0120
 52a:	045c                	.insn	2, 0x045c
 52c:	2820                	.insn	2, 0x2820
 52e:	5d01                	.insn	2, 0x5d01
 530:	2804                	.insn	2, 0x2804
 532:	0434                	.insn	2, 0x0434
 534:	9f5c01a3          	sb	s5,-1565(s8)
 538:	0800                	.insn	2, 0x0800
 53a:	018c                	.insn	2, 0x018c
 53c:	0001                	.insn	2, 0x0001
 53e:	0000                	.insn	2, 0x
 540:	0000                	.insn	2, 0x
 542:	011c                	.insn	2, 0x011c
 544:	005f a808 0101      	.insn	6, 0x0101a808005f
 54a:	0000                	.insn	2, 0x
 54c:	0000                	.insn	2, 0x
 54e:	1000                	.insn	2, 0x1000
 550:	9fff0903          	lb	s2,-1537(t5)
 554:	0800                	.insn	2, 0x0800
 556:	01b4                	.insn	2, 0x01b4
 558:	0001                	.insn	2, 0x0001
 55a:	0000                	.insn	2, 0x
 55c:	0000                	.insn	2, 0x
 55e:	0104                	.insn	2, 0x0104
 560:	0058                	.insn	2, 0x0058
 562:	0181                	.insn	2, 0x0181
 564:	0000                	.insn	2, 0x
 566:	0005                	.insn	2, 0x0005
 568:	0008                	.insn	2, 0x0008
 56a:	0000                	.insn	2, 0x
 56c:	0000                	.insn	2, 0x
 56e:	5004                	.insn	2, 0x5004
 570:	017c                	.insn	2, 0x017c
 572:	045a                	.insn	2, 0x045a
 574:	847c                	.insn	2, 0x847c
 576:	0301                	.insn	2, 0x0301
 578:	017a                	.insn	2, 0x017a
 57a:	049f 0184 0280      	.insn	6, 0x02800184049f
 580:	5a01                	.insn	2, 0x5a01
 582:	8804                	.insn	2, 0x8804
 584:	e002                	.insn	2, 0xe002
 586:	005a0103          	lb	sp,5(s4)
 58a:	7c04                	.insn	2, 0x7c04
 58c:	01a4                	.insn	2, 0x01a4
 58e:	3002                	.insn	2, 0x3002
 590:	049f 01a4 01cc      	.insn	6, 0x01cc01a4049f
 596:	5d01                	.insn	2, 0x5d01
 598:	f404                	.insn	2, 0xf404
 59a:	8001                	.insn	2, 0x8001
 59c:	0102                	.insn	2, 0x0102
 59e:	045d                	.insn	2, 0x045d
 5a0:	0288                	.insn	2, 0x0288
 5a2:	02ac                	.insn	2, 0x02ac
 5a4:	5d01                	.insn	2, 0x5d01
 5a6:	d804                	.insn	2, 0xd804
 5a8:	f402                	.insn	2, 0xf402
 5aa:	0102                	.insn	2, 0x0102
 5ac:	045d                	.insn	2, 0x045d
 5ae:	0390                	.insn	2, 0x0390
 5b0:	03b8                	.insn	2, 0x03b8
 5b2:	3002                	.insn	2, 0x3002
 5b4:	049f 03b8 03e0      	.insn	6, 0x03e003b8049f
 5ba:	5d01                	.insn	2, 0x5d01
 5bc:	0400                	.insn	2, 0x0400
 5be:	a47c                	.insn	2, 0xa47c
 5c0:	0201                	.insn	2, 0x0201
 5c2:	9f30                	.insn	2, 0x9f30
 5c4:	a404                	.insn	2, 0xa404
 5c6:	dc01                	.insn	2, 0xdc01
 5c8:	0101                	.insn	2, 0x0101
 5ca:	045c                	.insn	2, 0x045c
 5cc:	01f4                	.insn	2, 0x01f4
 5ce:	0280                	.insn	2, 0x0280
 5d0:	5c01                	.insn	2, 0x5c01
 5d2:	8804                	.insn	2, 0x8804
 5d4:	ac02                	.insn	2, 0xac02
 5d6:	0102                	.insn	2, 0x0102
 5d8:	045c                	.insn	2, 0x045c
 5da:	02d8                	.insn	2, 0x02d8
 5dc:	02f4                	.insn	2, 0x02f4
 5de:	5c01                	.insn	2, 0x5c01
 5e0:	9004                	.insn	2, 0x9004
 5e2:	0103dc03          	lhu	s8,16(t2)
 5e6:	005c                	.insn	2, 0x005c
 5e8:	7c04                	.insn	2, 0x7c04
 5ea:	01a4                	.insn	2, 0x01a4
 5ec:	3002                	.insn	2, 0x3002
 5ee:	049f 01a4 01e8      	.insn	6, 0x01e801a4049f
 5f4:	6e01                	.insn	2, 0x6e01
 5f6:	f404                	.insn	2, 0xf404
 5f8:	8001                	.insn	2, 0x8001
 5fa:	0102                	.insn	2, 0x0102
 5fc:	046e                	.insn	2, 0x046e
 5fe:	0288                	.insn	2, 0x0288
 600:	02a4                	.insn	2, 0x02a4
 602:	6e01                	.insn	2, 0x6e01
 604:	d804                	.insn	2, 0xd804
 606:	d402                	.insn	2, 0xd402
 608:	046e0103          	lb	sp,70(t3)
 60c:	03d8                	.insn	2, 0x03d8
 60e:	03e0                	.insn	2, 0x03e0
 610:	6e01                	.insn	2, 0x6e01
 612:	0400                	.insn	2, 0x0400
 614:	ac7c                	.insn	2, 0xac7c
 616:	0101                	.insn	2, 0x0101
 618:	0456                	.insn	2, 0x0456
 61a:	01ac                	.insn	2, 0x01ac
 61c:	01b0                	.insn	2, 0x01b0
 61e:	7604                	.insn	2, 0x7604
 620:	049f00e3          	beq	t5,s1,e60 <_prog_start-0xf1a0>
 624:	01fc                	.insn	2, 0x01fc
 626:	0288                	.insn	2, 0x0288
 628:	5601                	.insn	2, 0x5601
 62a:	9004                	.insn	2, 0x9004
 62c:	0103b803          	ld	a6,16(t2)
 630:	0056                	.insn	2, 0x0056
 632:	9804                	.insn	2, 0x9804
 634:	a002                	.insn	2, 0xa002
 636:	0102                	.insn	2, 0x0102
 638:	02ac046f          	jal	s0,c0662 <dtb+0xafb62>
 63c:	02d8                	.insn	2, 0x02d8
 63e:	6f01                	.insn	2, 0x6f01
 640:	c004                	.insn	2, 0xc004
 642:	0103d003          	lhu	zero,16(t2)
 646:	9804006f          	j	fffffffffff407c6 <_sp+0xffffffff7fe407c6>
 64a:	a002                	.insn	2, 0xa002
 64c:	0302                	.insn	2, 0x0302
 64e:	3c08                	.insn	2, 0x3c08
 650:	049f 02ac 02d8      	.insn	6, 0x02d802ac049f
 656:	6001                	.insn	2, 0x6001
 658:	0400                	.insn	2, 0x0400
 65a:	02b4                	.insn	2, 0x02b4
 65c:	02c0                	.insn	2, 0x02c0
 65e:	5c01                	.insn	2, 0x5c01
 660:	c004                	.insn	2, 0xc004
 662:	d002                	.insn	2, 0xd002
 664:	0b02                	.insn	2, 0x0b02
 666:	0080008f          	.insn	4, 0x0080008f
 66a:	ff08                	.insn	2, 0xff08
 66c:	251a                	.insn	2, 0x251a
 66e:	009f1a3f cc02c404 	.insn	8, 0xcc02c404009f1a3f
 676:	0102                	.insn	2, 0x0102
 678:	005d                	.insn	2, 0x005d
 67a:	a004                	.insn	2, 0xa004
 67c:	0103b803          	ld	a6,16(t2)
 680:	005f d404 e801      	.insn	6, 0xe801d404005f
 686:	0101                	.insn	2, 0x0101
 688:	005e                	.insn	2, 0x005e
 68a:	d404                	.insn	2, 0xd404
 68c:	e801                	.insn	2, 0xe801
 68e:	0401                	.insn	2, 0x0401
 690:	4a49                	.insn	2, 0x4a49
 692:	9f24                	.insn	2, 0x9f24
 694:	0400                	.insn	2, 0x0400
 696:	01e0                	.insn	2, 0x01e0
 698:	01e8                	.insn	2, 0x01e8
 69a:	5d01                	.insn	2, 0x5d01
 69c:	0400                	.insn	2, 0x0400
 69e:	02e0                	.insn	2, 0x02e0
 6a0:	0390                	.insn	2, 0x0390
 6a2:	6001                	.insn	2, 0x6001
 6a4:	0400                	.insn	2, 0x0400
 6a6:	02ec                	.insn	2, 0x02ec
 6a8:	0384                	.insn	2, 0x0384
 6aa:	5e01                	.insn	2, 0x5e01
 6ac:	8804                	.insn	2, 0x8804
 6ae:	01039003          	lh	zero,16(t2)
 6b2:	005e                	.insn	2, 0x005e
 6b4:	f804                	.insn	2, 0xf804
 6b6:	8002                	.insn	2, 0x8002
 6b8:	005d0103          	lb	sp,5(s10)
 6bc:	0004                	.insn	2, 0x0004
 6be:	010c                	.insn	2, 0x010c
 6c0:	045a                	.insn	2, 0x045a
 6c2:	500c                	.insn	2, 0x500c
 6c4:	a304                	.insn	2, 0xa304
 6c6:	5a01                	.insn	2, 0x5a01
 6c8:	009f 0004 012c      	.insn	6, 0x012c0004009f
 6ce:	005a                	.insn	2, 0x005a
 6d0:	0404                	.insn	2, 0x0404
 6d2:	011c                	.insn	2, 0x011c
 6d4:	045e                	.insn	2, 0x045e
 6d6:	2c20                	.insn	2, 0x2c20
 6d8:	5e01                	.insn	2, 0x5e01
 6da:	0400                	.insn	2, 0x0400
 6dc:	1810                	.insn	2, 0x1810
 6de:	5d01                	.insn	2, 0x5d01
 6e0:	0400                	.insn	2, 0x0400
 6e2:	4030                	.insn	2, 0x4030
 6e4:	5d01                	.insn	2, 0x5d01
	...

Disassembly of section .debug_rnglists:

0000000000000000 <.debug_rnglists>:
   0:	0218                	.insn	2, 0x0218
   2:	0000                	.insn	2, 0x
   4:	0005                	.insn	2, 0x0005
   6:	0008                	.insn	2, 0x0008
   8:	0000                	.insn	2, 0x
   a:	0000                	.insn	2, 0x
   c:	0405                	.insn	2, 0x0405
   e:	0101                	.insn	2, 0x0101
  10:	0000                	.insn	2, 0x
  12:	0000                	.insn	2, 0x
  14:	0400                	.insn	2, 0x0400
  16:	0400                	.insn	2, 0x0400
  18:	0804                	.insn	2, 0x0804
  1a:	001c                	.insn	2, 0x001c
  1c:	3805                	.insn	2, 0x3805
  1e:	0101                	.insn	2, 0x0101
  20:	0000                	.insn	2, 0x
  22:	0000                	.insn	2, 0x
  24:	0400                	.insn	2, 0x0400
  26:	0000                	.insn	2, 0x
  28:	0404                	.insn	2, 0x0404
  2a:	0020                	.insn	2, 0x0020
  2c:	7405                	.insn	2, 0x7405
  2e:	0101                	.insn	2, 0x0101
  30:	0000                	.insn	2, 0x
  32:	0000                	.insn	2, 0x
  34:	0400                	.insn	2, 0x0400
  36:	1c00                	.insn	2, 0x1c00
  38:	2404                	.insn	2, 0x2404
  3a:	0028                	.insn	2, 0x0028
  3c:	9005                	.insn	2, 0x9005
  3e:	0101                	.insn	2, 0x0101
  40:	0000                	.insn	2, 0x
  42:	0000                	.insn	2, 0x
  44:	0400                	.insn	2, 0x0400
  46:	0800                	.insn	2, 0x0800
  48:	0c04                	.insn	2, 0x0c04
  4a:	0418                	.insn	2, 0x0418
  4c:	2818                	.insn	2, 0x2818
  4e:	0500                	.insn	2, 0x0500
  50:	0228                	.insn	2, 0x0228
  52:	0001                	.insn	2, 0x0001
  54:	0000                	.insn	2, 0x
  56:	0000                	.insn	2, 0x
  58:	0004                	.insn	2, 0x0004
  5a:	0408                	.insn	2, 0x0408
  5c:	100c                	.insn	2, 0x100c
  5e:	1404                	.insn	2, 0x1404
  60:	041c                	.insn	2, 0x041c
  62:	281c                	.insn	2, 0x281c
  64:	0500                	.insn	2, 0x0500
  66:	0260                	.insn	2, 0x0260
  68:	0001                	.insn	2, 0x0001
  6a:	0000                	.insn	2, 0x
  6c:	0000                	.insn	2, 0x
  6e:	0004                	.insn	2, 0x0004
  70:	043c                	.insn	2, 0x043c
  72:	4440                	.insn	2, 0x4440
  74:	0500                	.insn	2, 0x0500
  76:	027c                	.insn	2, 0x027c
  78:	0001                	.insn	2, 0x0001
  7a:	0000                	.insn	2, 0x
  7c:	0000                	.insn	2, 0x
  7e:	0004                	.insn	2, 0x0004
  80:	0408                	.insn	2, 0x0408
  82:	2008                	.insn	2, 0x2008
  84:	2404                	.insn	2, 0x2404
  86:	0028                	.insn	2, 0x0028
  88:	7c05                	.insn	2, 0x7c05
  8a:	0102                	.insn	2, 0x0102
  8c:	0000                	.insn	2, 0x
  8e:	0000                	.insn	2, 0x
  90:	0400                	.insn	2, 0x0400
  92:	0800                	.insn	2, 0x0800
  94:	0804                	.insn	2, 0x0804
  96:	001c                	.insn	2, 0x001c
  98:	d005                	.insn	2, 0xd005
  9a:	0102                	.insn	2, 0x0102
  9c:	0000                	.insn	2, 0x
  9e:	0000                	.insn	2, 0x
  a0:	0400                	.insn	2, 0x0400
  a2:	0800                	.insn	2, 0x0800
  a4:	0c04                	.insn	2, 0x0c04
  a6:	0020                	.insn	2, 0x0020
  a8:	3405                	.insn	2, 0x3405
  aa:	00000103          	lb	sp,0(zero) # 0 <_prog_start-0x10000>
  ae:	0000                	.insn	2, 0x
  b0:	0400                	.insn	2, 0x0400
  b2:	0800                	.insn	2, 0x0800
  b4:	0c04                	.insn	2, 0x0c04
  b6:	0024                	.insn	2, 0x0024
  b8:	6c05                	.insn	2, 0x6c05
  ba:	00000103          	lb	sp,0(zero) # 0 <_prog_start-0x10000>
  be:	0000                	.insn	2, 0x
  c0:	0400                	.insn	2, 0x0400
  c2:	1000                	.insn	2, 0x1000
  c4:	1004                	.insn	2, 0x1004
  c6:	0428                	.insn	2, 0x0428
  c8:	2c28                	.insn	2, 0x2c28
  ca:	0500                	.insn	2, 0x0500
  cc:	036c                	.insn	2, 0x036c
  ce:	0001                	.insn	2, 0x0001
  d0:	0000                	.insn	2, 0x
  d2:	0000                	.insn	2, 0x
  d4:	0004                	.insn	2, 0x0004
  d6:	0410                	.insn	2, 0x0410
  d8:	2010                	.insn	2, 0x2010
  da:	0500                	.insn	2, 0x0500
  dc:	03d0                	.insn	2, 0x03d0
  de:	0001                	.insn	2, 0x0001
  e0:	0000                	.insn	2, 0x
  e2:	0000                	.insn	2, 0x
  e4:	0004                	.insn	2, 0x0004
  e6:	0410                	.insn	2, 0x0410
  e8:	1410                	.insn	2, 0x1410
  ea:	1804                	.insn	2, 0x1804
  ec:	0420                	.insn	2, 0x0420
  ee:	4424                	.insn	2, 0x4424
  f0:	0500                	.insn	2, 0x0500
  f2:	03d0                	.insn	2, 0x03d0
  f4:	0001                	.insn	2, 0x0001
  f6:	0000                	.insn	2, 0x
  f8:	0000                	.insn	2, 0x
  fa:	0004                	.insn	2, 0x0004
  fc:	0410                	.insn	2, 0x0410
  fe:	1410                	.insn	2, 0x1410
 100:	1804                	.insn	2, 0x1804
 102:	0420                	.insn	2, 0x0420
 104:	4434                	.insn	2, 0x4434
 106:	0500                	.insn	2, 0x0500
 108:	03d0                	.insn	2, 0x03d0
 10a:	0001                	.insn	2, 0x0001
 10c:	0000                	.insn	2, 0x
 10e:	0000                	.insn	2, 0x
 110:	0004                	.insn	2, 0x0004
 112:	0410                	.insn	2, 0x0410
 114:	1410                	.insn	2, 0x1410
 116:	1804                	.insn	2, 0x1804
 118:	0420                	.insn	2, 0x0420
 11a:	4034                	.insn	2, 0x4034
 11c:	0500                	.insn	2, 0x0500
 11e:	045c                	.insn	2, 0x045c
 120:	0001                	.insn	2, 0x0001
 122:	0000                	.insn	2, 0x
 124:	0000                	.insn	2, 0x
 126:	0004                	.insn	2, 0x0004
 128:	040c                	.insn	2, 0x040c
 12a:	2410                	.insn	2, 0x2410
 12c:	0500                	.insn	2, 0x0500
 12e:	048c                	.insn	2, 0x048c
 130:	0001                	.insn	2, 0x0001
 132:	0000                	.insn	2, 0x
 134:	0000                	.insn	2, 0x
 136:	0004                	.insn	2, 0x0004
 138:	040c                	.insn	2, 0x040c
 13a:	200c                	.insn	2, 0x200c
 13c:	0500                	.insn	2, 0x0500
 13e:	0528                	.insn	2, 0x0528
 140:	0001                	.insn	2, 0x0001
 142:	0000                	.insn	2, 0x
 144:	0000                	.insn	2, 0x
 146:	0004                	.insn	2, 0x0004
 148:	040c                	.insn	2, 0x040c
 14a:	2810                	.insn	2, 0x2810
 14c:	0500                	.insn	2, 0x0500
 14e:	0528                	.insn	2, 0x0528
 150:	0001                	.insn	2, 0x0001
 152:	0000                	.insn	2, 0x
 154:	0000                	.insn	2, 0x
 156:	0004                	.insn	2, 0x0004
 158:	040c                	.insn	2, 0x040c
 15a:	2010                	.insn	2, 0x2010
 15c:	0500                	.insn	2, 0x0500
 15e:	0554                	.insn	2, 0x0554
 160:	0001                	.insn	2, 0x0001
 162:	0000                	.insn	2, 0x
 164:	0000                	.insn	2, 0x
 166:	0004                	.insn	2, 0x0004
 168:	03e4                	.insn	2, 0x03e4
 16a:	8c04                	.insn	2, 0x8c04
 16c:	8404                	.insn	2, 0x8404
 16e:	0005                	.insn	2, 0x0005
 170:	a405                	.insn	2, 0xa405
 172:	0105                	.insn	2, 0x0105
 174:	0000                	.insn	2, 0x
 176:	0000                	.insn	2, 0x
 178:	0400                	.insn	2, 0x0400
 17a:	0c00                	.insn	2, 0x0c00
 17c:	1804                	.insn	2, 0x1804
 17e:	0440                	.insn	2, 0x0440
 180:	a444                	.insn	2, 0xa444
 182:	0402                	.insn	2, 0x0402
 184:	03bc                	.insn	2, 0x03bc
 186:	03fc                	.insn	2, 0x03fc
 188:	0500                	.insn	2, 0x0500
 18a:	05a4                	.insn	2, 0x05a4
 18c:	0001                	.insn	2, 0x0001
 18e:	0000                	.insn	2, 0x
 190:	0000                	.insn	2, 0x
 192:	0004                	.insn	2, 0x0004
 194:	0408                	.insn	2, 0x0408
 196:	2818                	.insn	2, 0x2818
 198:	4404                	.insn	2, 0x4404
 19a:	0054                	.insn	2, 0x0054
 19c:	ac05                	.insn	2, 0xac05
 19e:	0105                	.insn	2, 0x0105
 1a0:	0000                	.insn	2, 0x
 1a2:	0000                	.insn	2, 0x
 1a4:	0400                	.insn	2, 0x0400
 1a6:	0400                	.insn	2, 0x0400
 1a8:	2404                	.insn	2, 0x2404
 1aa:	0428                	.insn	2, 0x0428
 1ac:	cc60                	.insn	2, 0xcc60
 1ae:	0401                	.insn	2, 0x0401
 1b0:	01d0                	.insn	2, 0x01d0
 1b2:	01d8                	.insn	2, 0x01d8
 1b4:	0500                	.insn	2, 0x0500
 1b6:	05ac                	.insn	2, 0x05ac
 1b8:	0001                	.insn	2, 0x0001
 1ba:	0000                	.insn	2, 0x
 1bc:	0000                	.insn	2, 0x
 1be:	0004                	.insn	2, 0x0004
 1c0:	0404                	.insn	2, 0x0404
 1c2:	2824                	.insn	2, 0x2824
 1c4:	7004                	.insn	2, 0x7004
 1c6:	0180                	.insn	2, 0x0180
 1c8:	8404                	.insn	2, 0x8404
 1ca:	c001                	.insn	2, 0xc001
 1cc:	0401                	.insn	2, 0x0401
 1ce:	01c8                	.insn	2, 0x01c8
 1d0:	01cc                	.insn	2, 0x01cc
 1d2:	0500                	.insn	2, 0x0500
 1d4:	060c                	.insn	2, 0x060c
 1d6:	0001                	.insn	2, 0x0001
 1d8:	0000                	.insn	2, 0x
 1da:	0000                	.insn	2, 0x
 1dc:	0004                	.insn	2, 0x0004
 1de:	0410                	.insn	2, 0x0410
 1e0:	2420                	.insn	2, 0x2420
 1e2:	0500                	.insn	2, 0x0500
 1e4:	05d4                	.insn	2, 0x05d4
 1e6:	0001                	.insn	2, 0x0001
 1e8:	0000                	.insn	2, 0x
 1ea:	0000                	.insn	2, 0x
 1ec:	0004                	.insn	2, 0x0004
 1ee:	0408                	.insn	2, 0x0408
 1f0:	038c                	.insn	2, 0x038c
 1f2:	0398                	.insn	2, 0x0398
 1f4:	0500                	.insn	2, 0x0500
 1f6:	0708                	.insn	2, 0x0708
 1f8:	0001                	.insn	2, 0x0001
 1fa:	0000                	.insn	2, 0x
 1fc:	0000                	.insn	2, 0x
 1fe:	0004                	.insn	2, 0x0004
 200:	0420                	.insn	2, 0x0420
 202:	2c28                	.insn	2, 0x2c28
 204:	0700                	.insn	2, 0x0700
 206:	00b4                	.insn	2, 0x00b4
 208:	0001                	.insn	2, 0x0001
 20a:	0000                	.insn	2, 0x
 20c:	0000                	.insn	2, 0x
 20e:	02b8                	.insn	2, 0x02b8
 210:	0101ec07          	.insn	4, 0x0101ec07
 214:	0000                	.insn	2, 0x
 216:	0000                	.insn	2, 0x
 218:	ec00                	.insn	2, 0xec00
 21a:	004f000b          	.insn	4, 0x004f000b
 21e:	0000                	.insn	2, 0x
 220:	0005                	.insn	2, 0x0005
 222:	0008                	.insn	2, 0x0008
 224:	0000                	.insn	2, 0x
 226:	0000                	.insn	2, 0x
 228:	9404                	.insn	2, 0x9404
 22a:	9801                	.insn	2, 0x9801
 22c:	0401                	.insn	2, 0x0401
 22e:	039c                	.insn	2, 0x039c
 230:	03b8                	.insn	2, 0x03b8
 232:	0400                	.insn	2, 0x0400
 234:	01cc                	.insn	2, 0x01cc
 236:	01d0                	.insn	2, 0x01d0
 238:	d404                	.insn	2, 0xd404
 23a:	d401                	.insn	2, 0xd401
 23c:	0401                	.insn	2, 0x0401
 23e:	01dc                	.insn	2, 0x01dc
 240:	01e8                	.insn	2, 0x01e8
 242:	0400                	.insn	2, 0x0400
 244:	0288                	.insn	2, 0x0288
 246:	02d8                	.insn	2, 0x02d8
 248:	b804                	.insn	2, 0xb804
 24a:	0003d003          	lhu	zero,0(t2)
 24e:	a004                	.insn	2, 0xa004
 250:	a802                	.insn	2, 0xa802
 252:	0402                	.insn	2, 0x0402
 254:	02ac                	.insn	2, 0x02ac
 256:	02cc                	.insn	2, 0x02cc
 258:	0400                	.insn	2, 0x0400
 25a:	02a4                	.insn	2, 0x02a4
 25c:	02a8                	.insn	2, 0x02a8
 25e:	c004                	.insn	2, 0xc004
 260:	cc02                	.insn	2, 0xcc02
 262:	0002                	.insn	2, 0x0002
 264:	e004                	.insn	2, 0xe004
 266:	e002                	.insn	2, 0xe002
 268:	0402                	.insn	2, 0x0402
 26a:	02e8                	.insn	2, 0x02e8
 26c:	0390                	.insn	2, 0x0390
	...

Disassembly of section .debug_frame:

0000000000000000 <.debug_frame>:
   0:	000c                	.insn	2, 0x000c
   2:	0000                	.insn	2, 0x
   4:	ffff                	.insn	2, 0xffff
   6:	ffff                	.insn	2, 0xffff
   8:	7c010003          	lb	zero,1984(sp) # 120117c4 <dtb+0x12000cc4>
   c:	0d01                	.insn	2, 0x0d01
   e:	0002                	.insn	2, 0x0002
  10:	002c                	.insn	2, 0x002c
  12:	0000                	.insn	2, 0x
  14:	0000                	.insn	2, 0x
  16:	0000                	.insn	2, 0x
  18:	00b4                	.insn	2, 0x00b4
  1a:	0001                	.insn	2, 0x0001
  1c:	0000                	.insn	2, 0x
  1e:	0000                	.insn	2, 0x
  20:	0138                	.insn	2, 0x0138
  22:	0000                	.insn	2, 0x
  24:	0000                	.insn	2, 0x
  26:	0000                	.insn	2, 0x
  28:	0e44                	.insn	2, 0x0e44
  2a:	4810                	.insn	2, 0x4810
  2c:	0281                	.insn	2, 0x0281
  2e:	0488                	.insn	2, 0x0488
  30:	c1011c03          	lh	s8,-1008(sp)
  34:	c848                	.insn	2, 0xc848
  36:	0e44                	.insn	2, 0x0e44
	...
  40:	0064                	.insn	2, 0x0064
  42:	0000                	.insn	2, 0x
  44:	0000                	.insn	2, 0x
  46:	0000                	.insn	2, 0x
  48:	01ec                	.insn	2, 0x01ec
  4a:	0001                	.insn	2, 0x0001
  4c:	0000                	.insn	2, 0x
  4e:	0000                	.insn	2, 0x
  50:	05ec                	.insn	2, 0x05ec
  52:	0000                	.insn	2, 0x
  54:	0000                	.insn	2, 0x
  56:	0000                	.insn	2, 0x
  58:	0e44                	.insn	2, 0x0e44
  5a:	5c30                	.insn	2, 0x5c30
  5c:	0281                	.insn	2, 0x0281
  5e:	0488                	.insn	2, 0x0488
  60:	a802                	.insn	2, 0xa802
  62:	0689                	.insn	2, 0x0689
  64:	ec02                	.insn	2, 0xec02
  66:	54c9                	.insn	2, 0x54c9
  68:	48c1                	.insn	2, 0x48c1
  6a:	44c8                	.insn	2, 0x44c8
  6c:	000e                	.insn	2, 0x000e
  6e:	0e44                	.insn	2, 0x0e44
  70:	8130                	.insn	2, 0x8130
  72:	8802                	.insn	2, 0x8802
  74:	8904                	.insn	2, 0x8904
  76:	4c06                	.insn	2, 0x4c06
  78:	0892                	.insn	2, 0x0892
  7a:	9350                	.insn	2, 0x9350
  7c:	940a                	.insn	2, 0x940a
  7e:	020c                	.insn	2, 0x020c
  80:	0a50                	.insn	2, 0x0a50
  82:	44c9                	.insn	2, 0x44c9
  84:	44d2                	.insn	2, 0x44d2
  86:	44d444d3          	.insn	4, 0x44d444d3
  8a:	0310030b          	.insn	4, 0x0310030b
  8e:	c90a                	.insn	2, 0xc90a
  90:	d244                	.insn	2, 0xd244
  92:	d344                	.insn	2, 0xd344
  94:	d444                	.insn	2, 0xd444
  96:	0b44                	.insn	2, 0x0b44
  98:	6402                	.insn	2, 0x6402
  9a:	44c9                	.insn	2, 0x44c9
  9c:	44d2                	.insn	2, 0x44d2
  9e:	00d444d3          	.insn	4, 0x00d444d3
  a2:	0000                	.insn	2, 0x
  a4:	0000                	.insn	2, 0x
  a6:	0000                	.insn	2, 0x
  a8:	000c                	.insn	2, 0x000c
  aa:	0000                	.insn	2, 0x
  ac:	ffff                	.insn	2, 0xffff
  ae:	ffff                	.insn	2, 0xffff
  b0:	7c010003          	lb	zero,1984(sp)
  b4:	0d01                	.insn	2, 0x0d01
  b6:	0002                	.insn	2, 0x0002
  b8:	0014                	.insn	2, 0x0014
  ba:	0000                	.insn	2, 0x
  bc:	00a8                	.insn	2, 0x00a8
  be:	0000                	.insn	2, 0x
  c0:	07d8                	.insn	2, 0x07d8
  c2:	0001                	.insn	2, 0x0001
  c4:	0000                	.insn	2, 0x
  c6:	0000                	.insn	2, 0x
  c8:	0050                	.insn	2, 0x0050
  ca:	0000                	.insn	2, 0x
  cc:	0000                	.insn	2, 0x
  ce:	0000                	.insn	2, 0x
  d0:	0024                	.insn	2, 0x0024
  d2:	0000                	.insn	2, 0x
  d4:	00a8                	.insn	2, 0x00a8
  d6:	0000                	.insn	2, 0x
  d8:	0828                	.insn	2, 0x0828
  da:	0001                	.insn	2, 0x0001
  dc:	0000                	.insn	2, 0x
  de:	0000                	.insn	2, 0x
  e0:	0190                	.insn	2, 0x0190
  e2:	0000                	.insn	2, 0x
  e4:	0000                	.insn	2, 0x
  e6:	0000                	.insn	2, 0x
  e8:	0e44                	.insn	2, 0x0e44
  ea:	0250                	.insn	2, 0x0250
  ec:	0ab0                	.insn	2, 0x0ab0
  ee:	000e                	.insn	2, 0x000e
  f0:	0b44                	.insn	2, 0x0b44
  f2:	0000                	.insn	2, 0x
  f4:	0000                	.insn	2, 0x
	...
